datetime,a,bitcoin,ethereum,tether,ripple,solana,luna,cardano,avalanche,stellar,monero
2021-07-27 00:00:00+00:00,,0.3231656689481555,-0.011943692392681117,0.18000264435589738,0.02178250910521809,-0.08033502903986062,-4.686277669145168,0.04663138693030194,0.12909944487358047,-0.3119281230314933,0.0647028261476538
2021-07-28 00:00:00+00:00,,0.001424309121961408,0.024253500958519622,0.028747368695465333,0.0466126796256697,-0.014782349162258367,0.07477334668547361,0.06702897500418607,0.002689571768199578,0.02730517299947645,0.01227903093412764
2021-07-29 00:00:00+00:00,,-0.0014361491241276806,0.08672711040786654,-0.033955463731952316,-0.050089395125314344,0.03791355616438347,-0.019014563913199518,-0.01768240893055327,-0.008207055962190632,-0.042510709937075605,-0.020456039718514858
2021-07-30 00:00:00+00:00,,0.013659349891437985,-0.0004579995836553149,0.00296588205310389,0.07519799286067624,-0.0181556601060272,0.01037080787850918,-0.005354219259949434,-0.06203244490472927,-0.009144261730858243,0.038570748544249245
2021-07-31 00:00:00+00:00,,0.02884430836489497,0.09560929382374449,0.01223634975458265,0.013417409537648623,0.05138454684763068,-0.012089834676724195,-0.00021907001509637847,0.03475056645806643,-0.0008728534360486025,-0.0038558029845565975
2021-08-01 00:00:00+00:00,,-0.05295867209881384,-0.0017706206812453103,-0.004802232430534428,-0.04403786880446788,-0.0045737725922632535,-0.001222194318639568,-0.04736068461817338,0.004931989477761048,0.006156433898692512,0.0006969664740575237
2021-08-02 00:00:00+00:00,,0.03434016535389669,0.07630578450397069,0.020493843498314648,0.02184889082794769,0.030615696523837325,0.0009407459799766683,0.006679702675327423,-0.000896523922733209,0.04966873814563386,0.009593809318631618
2021-08-03 00:00:00+00:00,,-0.0027989704645209343,-0.027812470585765844,-0.0022568376394524843,-0.002694150479127903,-0.03875023904405101,0.0034639722821489475,0.024097526196636892,0.019396092181050702,-0.030371733178650977,0.004401396861567841
2021-08-04 00:00:00+00:00,,-0.00410192119648647,0.01723208819907606,0.02893985335122213,0.029329746720535264,0.008204940305605013,-0.022787985995604353,-0.015860602989692982,-0.007607972490066498,0.0132333881503445,0.004225030841650049
2021-08-05 00:00:00+00:00,,0.001407039162916898,0.07015074814651173,-0.05291775655528655,0.031001881175620267,0.013233686122700187,-0.023311595583107365,0.00423392943569154,0.03091708832048351,0.02781799919783438,0.005026591929769721
2021-08-06 00:00:00+00:00,,-0.08887526607323477,-0.009979812593296826,-0.01947140005425753,-0.0031263667413840147,-0.0032400750604300596,0.019172938786043116,0.011402538450183426,0.0024385038337279142,0.0034428907474854595,-0.006647446784949726
2021-08-07 00:00:00+00:00,,0.004046465860673001,0.039207779376123256,-0.017282739778786933,-0.015312172000416121,0.024955978312128008,0.0713295929332099,0.00763015574693001,0.02931670222846816,0.00020276222231056568,-0.002732702137408201
2021-08-08 00:00:00+00:00,,-0.019389135401827098,-0.005484497279579175,0.01756779957432124,0.0171957593374635,-0.0033231097335411058,-0.05505867305791842,0.035734329665427424,-0.002648937297238352,0.01216775916318837,0.027970580729546193
2021-08-09 00:00:00+00:00,,0.02834843206385827,0.06925523944601092,-0.030319235784350404,-0.06155654011955242,0.030076198653995967,0.009866362001049896,-0.02940318536325271,-0.005827405497765768,0.008516688334729232,0.020432360797013712
2021-08-10 00:00:00+00:00,,0.01512504953722328,0.005529912374444214,0.016254825609834496,0.01925893814110689,0.0021572171813600736,0.032773212066321875,0.17164322661037063,0.017117129627951633,0.02932624352312643,0.0072143879584015275
2021-08-11 00:00:00+00:00,,0.03246741299997079,0.022317457489042167,0.043152987158636164,-0.047036307983190445,0.00875741909446964,0.015993200673781918,-0.037544670471188306,0.0010546127927873001,0.025023283718202692,-0.012329915680967942
2021-08-12 00:00:00+00:00,,-0.01772741950335892,-0.019215608465612516,0.016864555297379947,0.07234214272112588,0.019855419418753538,-0.006051414255686548,-0.010829914686302301,-0.01446717326571157,-0.014935397012923714,0.013585323920720196
2021-08-13 00:00:00+00:00,,-0.0017204284512492953,0.03767556622911101,0.03856738835835325,-0.014016996009927543,0.02309233817268173,-0.009107229818840164,0.02035080029383132,0.024255188485422415,0.02543344450086055,-0.04094111953005628
2021-08-14 00:00:00+00:00,,0.008000141207020027,0.00014010625840444,-0.029786959884961425,-0.038052952700591745,0.0016439115871432156,0.012578315963829002,0.07021092640245215,-0.0126788295566184,0.012356911629317544,0.011367713640116354
2021-08-15 00:00:00+00:00,,0.021460301606275645,-0.02129435443273422,-0.027139053509408748,-0.017561704526767682,0.009502305316385521,0.0042141568744316245,-0.017897467453722515,0.018041070226604713,0.025622149541015198,0.034840957779111746
2021-08-16 00:00:00+00:00,,0.0036173030750075805,0.02669457099759292,0.01501640432604749,0.022854378553692392,-0.009189027502059731,0.019916351015207685,0.059396828429398606,0.00369236107807099,-0.005819245819281564,0.03542846029252356
2021-08-17 00:00:00+00:00,,-0.023143603153302716,-0.03795199814367676,0.003879577270626237,0.024463772360071648,-0.01213961941057473,-0.05099719787807358,-0.017379880660968256,-0.0073017095093796235,0.018708283458145146,0.032590936565129895
2021-08-18 00:00:00+00:00,,0.014448387155637779,0.015467187842075921,0.015015795994051784,0.0334815996492601,0.02966019824184439,0.0489993673735161,0.0001462206021141569,0.06534180739817898,0.0028357010052833453,0.012974256427119035
2021-08-19 00:00:00+00:00,,-0.008293135889137538,0.051705618142454134,-0.009364726972031277,0.05718655390778839,0.02517270434234215,-0.017065995494805787,0.15501651810396888,-0.020931188148536048,0.06977788095863989,0.0123501679882026
2021-08-20 00:00:00+00:00,,0.0211713473796251,-0.04174097834065877,-0.010086119894097436,-0.02357867673507466,0.0002903407088759104,0.011641748713116334,-0.059438502495619105,0.05818599842247962,-0.060248557666455746,0.0018858744995166573
2021-08-21 00:00:00+00:00,,0.00415145382796447,0.016789539987187064,-0.021967053383465565,0.013756752172298905,-0.01758017660383209,-0.022567038745581126,-0.004430231510625339,-0.02034493699357637,0.05856681246271159,-0.040117826860514495
2021-08-22 00:00:00+00:00,,-0.02048419924999109,-0.010524236796168252,-0.023450253609769142,0.0066315640059981164,0.0007495109635737551,0.0024093575317227756,0.017630417940915202,0.023361760169525382,0.00506439661808886,-0.007313414779680933
2021-08-23 00:00:00+00:00,,0.0074417670029539185,0.027486365073687485,-0.0337068319174844,-0.037487123263982354,0.006161228517661214,0.02740726969616318,-0.0057012304933418065,-0.030503043409595303,0.0012118484958998376,-0.026991130833754918
2021-08-24 00:00:00+00:00,,-0.051585499240204634,-0.025420713884161845,0.009569051085051778,0.015072787735207593,-0.012567751088125946,-0.0019934175335772544,-0.03021528356596425,-0.023759837610712514,-0.01668051197431581,0.01814799673319903
2021-08-25 00:00:00+00:00,,-0.0022439234697036597,0.029559231521184053,-0.02589709259347976,0.028886877219144583,0.009741613514146994,-0.03313215029817277,0.03644866449103451,0.01913114672587236,-0.010325755711559957,0.0007046781215344119
2021-08-26 00:00:00+00:00,,-0.03320768207848771,-0.0026663667341300353,0.005636982407067687,-0.012524298762661605,-0.011569367613004752,0.03992021851706726,0.0013815049579066051,0.035714611163311864,0.012750932701930874,0.012211500492388418
2021-08-27 00:00:00+00:00,,0.05709757399403587,-0.02110185185443659,-0.022248874235757686,-0.025193593221712236,0.020723237148263095,-0.00028577175843341415,0.049582946791484415,-0.002878889359859659,-0.039968342451119326,-0.012174711979974131
2021-08-28 00:00:00+00:00,,-0.012204829007356584,0.007081969871648957,0.025400717520888575,0.024521406881757666,-0.07920545964740217,-0.01255052154368218,0.021650628551365278,-0.023457296601190118,0.02642340239764746,0.0015088128721663645
2021-08-29 00:00:00+00:00,,-0.013600990584764917,-0.03562129847364651,0.01309844071148394,-0.006421266388297789,0.03524882866279655,-0.04088845171999018,-0.009412090498055768,0.011537670828533401,-0.05794529933020195,-0.030457353250051507
2021-08-30 00:00:00+00:00,,0.003244637485896579,0.041298699550695504,0.007555503254498964,-0.011173187840612308,0.02074253237377068,0.044265064535299777,0.00690599525912626,0.0035888958322438875,0.016935953258836546,0.04521683875746195
2021-08-31 00:00:00+00:00,,0.05417767836882277,0.008962152419725622,-0.0064092834313871794,0.039397305594736615,0.031606222203534644,0.03482862086860742,-0.006870650683863785,-0.05743637909846704,-0.008030199236377308,0.05447706477631678
2021-09-01 00:00:00+00:00,,0.01689193833574705,0.02180750631331046,0.0017586606795363029,-0.015218665153889279,0.042014659793744774,-0.0008079032824403707,0.04265987554991704,0.060010366662852234,0.0221020820422895,-0.0205347598556586
2021-09-02 00:00:00+00:00,,0.03385778366259631,-0.060094027084913355,-0.028996439270179405,0.05091009657898604,-0.0202662822027483,-0.03484154444528852,-0.04962100032337628,-0.01814872875131399,0.07215108237784365,0.05368125185653752
2021-09-03 00:00:00+00:00,,-0.022456574749039407,-0.010708436748443441,0.006075634311341882,-0.03970098567431665,0.008110314831093611,-0.023722628045648175,0.02316934942065866,-0.0017484132497084016,0.018638258771956698,-0.01983860968373829
2021-09-04 00:00:00+00:00,,0.01201471425223057,0.01560699051611063,-0.03337009706393264,-0.030516024856295818,0.015040660188455972,-0.02874041872324755,-0.030290622881196223,0.0075447373815825565,-0.031921932982617925,-0.024725537704542142
2021-09-05 00:00:00+00:00,,-0.0241102720745626,0.009889228456636708,-0.01795838368968598,0.03637719919148887,-0.019293304686897026,0.042175682051604185,0.018004364348395252,-0.025905122928424774,0.03698976149445763,0.0003529683741983257
2021-09-06 00:00:00+00:00,,0.009966849374356422,0.014864889785807403,0.07498167463097045,-0.0015980080612056505,0.0012805853518213202,0.008480877141437113,-0.025464731240221257,-0.002557235964143609,-0.007819803702155945,-0.03085423295343763
2021-09-07 00:00:00+00:00,,-0.08943905607382835,0.0021971718969524606,-0.012173640510975667,-0.007498506691233194,-0.014190965521574318,-0.017756568627097853,0.01069173793134235,0.028283212008616887,-0.047197918989839126,-0.009413882877646126
2021-09-08 00:00:00+00:00,,0.04344093161104831,0.004515617371295099,0.027058367466878796,0.025925986178389843,0.006749513942921508,0.03368432271484993,-0.00028758128901575195,-0.0050898290348992785,0.0026018908679847027,-0.005146080699386048
2021-09-09 00:00:00+00:00,,-0.008658512654142901,0.0033327437675233734,-0.03610112730307934,-0.035055803068188424,-0.014007474741335521,0.02805170889443441,0.0023895829611819516,0.02698273358482535,-0.02268840175012858,-0.0003889098301871123
2021-09-10 00:00:00+00:00,,0.006007696519148427,-0.0321573921699159,-0.007249679007769528,-0.03311167861496374,0.007530734063045023,0.012849384843340113,-0.02941138644405155,0.016778824781715676,-0.022138944009861376,-0.007375106975290279
2021-09-11 00:00:00+00:00,,-0.017293760410710093,-0.016192226245751656,-0.01331506101498874,-0.018300904687264887,0.0346354482383826,-0.03794346309878661,-0.004121975039031573,-0.031787973322512104,-0.014190711065995228,-0.007608721406041473
2021-09-12 00:00:00+00:00,,0.027844818743383792,0.04025633309946802,0.07625435313750657,0.048621426072412585,-0.002020235286024952,-0.06610963883585869,0.01936673625507462,0.041257070272725044,-0.01716014427355158,0.013851638156401246
2021-09-13 00:00:00+00:00,,0.00438101871602052,0.0074446184797387445,-0.01665890685735906,0.016121951279106123,-0.022472063572062974,0.030355385373699775,-0.06321792905091987,-0.012345733743997505,-0.006697665510496297,0.026825831514071235
2021-09-14 00:00:00+00:00,,0.026439252868631424,-0.031573284317348044,0.04189215845149124,-0.001811535242194569,-0.22478374872615087,0.03727104497880123,-0.003906383374760135,0.014184775403172558,0.06019326168632836,-0.02413925558978735
2021-09-15 00:00:00+00:00,,0.003939286533257025,0.08259928139746198,-0.020682523816448136,0.04719234219318908,0.15692683387194747,0.011994118228671583,0.011932745265733714,0.018834646637492233,-0.03358606066086288,0.022652771231388473
2021-09-16 00:00:00+00:00,,-0.029430676241105482,-0.0025906263946202657,0.05155781843156731,0.032006317918134825,0.024602629666093216,0.04132280319028963,0.0019276833495078657,-0.06335523541159235,0.016911680768268586,0.016884624551973593
2021-09-17 00:00:00+00:00,,-0.020701297254194524,-0.009544930906776106,-0.05458466833581149,-0.024036097880123692,-0.04424174997053737,-0.014903275909011573,-0.008834721266083074,-0.059720007671992405,0.030768288427191346,-0.0315368087015451
2021-09-18 00:00:00+00:00,,0.03377847139507802,0.04631757335277901,-0.008055917072517403,0.02058466023266498,0.0015587450997887708,0.013023272088922675,-0.0039294288635461205,0.0031108080403285357,0.02010538117493881,0.029572979446912742
2021-09-19 00:00:00+00:00,,-0.023408934129327198,-0.022184425560808758,-0.03169274616559845,0.0362173293412678,-0.009945637625935363,-0.001149577030825925,0.0019427809723712188,0.0007977852881640373,0.03714883806812624,0.0003314147439224337
2021-09-20 00:00:00+00:00,,-0.007982509877309092,0.0005473046543968633,0.04723358417391339,-0.00275500983978811,0.013489924297192054,0.010868923443842807,-0.006356496002366475,-0.004312576070706119,-0.03981928833963368,-0.0011541305619526096
2021-09-21 00:00:00+00:00,,-0.028876163814725662,-0.018179432099137777,-0.03692776279908691,0.009241008908154718,0.01854490202081554,-0.03281048226316066,0.02341206900124769,0.007829574335530545,0.025935684053677875,0.0063820907912800935
2021-09-22 00:00:00+00:00,,0.020148612961453552,-0.003780751124286009,0.056244488777380926,0.060403799482992224,0.005216883807620673,0.019119521774737403,0.0206909891136315,0.027022592501647118,0.010116060963089538,-0.021454450225281602
2021-09-23 00:00:00+00:00,,0.041163008843444655,-0.0037120593157286544,-0.03387678543756134,0.014560492524034886,0.03138258065297934,0.011413189646980052,-0.01255760745625761,-0.0057334336610843865,0.03274486927667929,0.04613862719729974
2021-09-24 00:00:00+00:00,,-0.024856217824321458,-0.05645155210834785,0.004559658850492846,-0.009680768070618986,-0.026790077949901545,-0.03967483759765485,0.004709411674575742,-0.007472601198148168,-0.015596197710644084,-0.015792634946634864
2021-09-25 00:00:00+00:00,,0.04293704136455925,0.06255241525693231,-0.011620347397676305,-0.03860323174297482,-0.0014375821639479082,-0.025672315078523095,0.05580412307204025,0.0020951105689617252,-0.01599315789009042,-0.01617941321606384
2021-09-26 00:00:00+00:00,,-0.045485260735632665,0.024941706865956488,0.05638200668919577,0.03038097313830865,0.0236845434193652,-0.003496321457283359,-0.0381798318195293,-0.02095797657042357,0.05876378066363427,-0.015559602022168578
2021-09-27 00:00:00+00:00,,-0.009576275575063768,-0.08242263043971483,-0.03820472817778309,-0.004264761684730771,-0.024074408113530794,0.050907525554851535,-0.023293955322239022,0.013817541234815565,0.011078338672656736,-0.011963988677722998
2021-09-28 00:00:00+00:00,,-0.006498519963843525,0.06612318583373444,0.043862826394211483,0.039730885283457744,0.005151228280382298,-0.03321402326606838,-0.033314000069590975,0.004395117217828582,0.022674480904376387,0.0026857466134501636
2021-09-29 00:00:00+00:00,,-0.0369908754834303,-0.004541951180211425,-0.03237535963751454,0.013922962482135657,0.028819557030215364,0.06182206156281632,0.03179616591505362,0.027587705496308002,-0.062027184539117694,-0.009965477000130528
2021-09-30 00:00:00+00:00,,0.045962162418602674,0.0424645872733282,0.019608000417574253,-0.016507954198496638,-0.04001332583780462,-0.008263900934783096,0.03609291670645895,0.005662186365968295,0.0659629250136048,8.807499500903745e-06
2021-10-01 00:00:00+00:00,,0.036526118517298936,0.021832784636658546,-0.00044196998727492117,0.03767693508070551,0.01878096254382866,0.003993015521306209,-0.018141688372495957,-0.012471852405972763,0.0077766364977873426,-0.0011086030894739412
2021-10-02 00:00:00+00:00,,-0.00041857355300448557,0.06183885495183859,0.0067364572451592275,0.026800039230959093,0.014796215491460615,-0.0014029433662287858,-0.010531574757824954,-0.00014410139755529171,-0.02849557836181786,-0.014277827728731901
2021-10-03 00:00:00+00:00,,-0.024399410012323108,-0.029111752786491377,-0.011924106515882391,0.0034664454260995375,-0.07348192544321101,0.029619745012372047,0.016438524973149484,-0.02261455462718879,0.01933263902190822,0.041985513246330104
2021-10-04 00:00:00+00:00,,-0.028324035563779684,0.005130943443299012,0.029411600690841082,0.030351849016905113,0.04298837480717257,-0.018896109232737275,0.01747736287056243,-0.004688434362332085,-0.02416452521061091,-0.03588437616297873
2021-10-05 00:00:00+00:00,,0.05017895149899179,0.06833472449416002,-0.0035614592504188227,-0.0026488615152053005,-0.04426184456419122,-0.005179314221385524,-0.011386636701692062,-0.02734297373996408,-0.01893363475241473,0.016605305110720895
2021-10-06 00:00:00+00:00,,-0.06257699175512897,-0.017060082977662275,-0.008837001598659485,0.020333649359254982,0.028882826202510474,-0.04386752005186017,0.003800167919894142,0.01024375499853077,0.020541063728240355,0.024107810910731907
2021-10-07 00:00:00+00:00,,-0.012561453871658978,-0.001006927800261397,-0.0014738818872569864,0.05213025014814886,0.0412372685802059,0.06219462842078949,-0.016647915035571215,0.06183860263569924,-0.022867087496594368,-0.05497247891671955
2021-10-08 00:00:00+00:00,,0.0022685731558508932,-0.03060439534598521,0.10168257209853163,-0.041109212799777375,-0.012302346810230298,0.01363280951545239,0.002597500754565019,-0.031037731862413882,-0.00696247759667655,0.029279143514372344
2021-10-09 00:00:00+00:00,,-0.02215833124807802,0.014265983853929055,-0.012043700274693068,0.03819031949852763,-0.008435634860127352,-0.052629008318682224,-0.013224937454446755,0.00851372422909543,-0.008153639033487491,0.02470632070312195
2021-10-10 00:00:00+00:00,,-0.009275848143380776,-0.035499859278557755,0.003193784646749163,-0.038493335848438455,-0.016633679743865055,-0.052771622944209104,-0.025510301933676316,-0.03546124399493439,0.00905362388487815,-0.00260952709344728
2021-10-11 00:00:00+00:00,,0.010462852693608736,0.01946402589730932,0.01650186285071349,0.05301134219348038,0.008446916420851177,0.04936886618684136,0.09337644137256731,-0.029161619392064384,-0.002007287461087901,0.01962524279073015
2021-10-12 00:00:00+00:00,,-0.04252542609656836,-0.03819745472783864,-0.010121279874765469,-0.002062453042496506,-0.017359246153677364,0.04363465526849907,-0.06382688183583676,0.025758714776868908,0.003524868673424056,-0.025052631908430833
2021-10-13 00:00:00+00:00,,0.031937444120629606,0.02742006919352414,-0.010219193582935477,0.009497436685678875,0.024147810475019155,-0.018832453944754007,0.03285340955175434,-0.02057283592997987,0.012540047813215657,-0.0018790998879033834
2021-10-14 00:00:00+00:00,,-0.020222875327251637,0.006655917723556669,-0.04063643135037092,0.029282286396084614,-0.0627728048333502,-0.037883600240994825,-0.015438235149579158,0.040636631169892024,0.007939049647825712,-0.03867647408248705
2021-10-15 00:00:00+00:00,,0.012400585982272457,0.0033914572177634484,-0.014561311215165731,0.019602262592879883,0.0053826924121470375,0.008929656458899659,-0.004781441673245747,-0.022349692449667256,0.018968081677145313,-0.020547956647904396
2021-10-16 00:00:00+00:00,,-0.02650184578166921,-0.018990570316406517,0.03104921786294397,-0.029624604572620308,0.02938104851057617,-0.012819972078395407,-0.024012696826290626,0.009076794777645718,0.04159712872684131,0.003087092960765837
2021-10-17 00:00:00+00:00,,0.01969119182303049,0.056378564534339176,-0.03955095818029489,-0.031231364144933365,-0.03861993072407935,-0.024593041133312912,0.04052696677643867,-0.022827964886447668,-0.021829279969260373,0.0054329073382863085
2021-10-18 00:00:00+00:00,,-0.03020776847392727,-0.06056764344144326,-0.023596046116540585,0.0027179149977660786,0.019726855552440192,0.034762052021824995,-0.007579783827637018,0.0012322295437807408,0.04435906592513688,0.04568800813376928
2021-10-19 00:00:00+00:00,,0.06430145691428513,0.05764706031156597,0.0097400356539167,0.03362694308042306,-0.04136148502407643,-0.013861431679897182,-0.011573825266051802,0.008014682255505353,-0.01450977178011531,-0.008294290825500785
2021-10-20 00:00:00+00:00,,0.03748177675043605,-0.0023319058488032807,0.01784200247263351,0.021057551314048253,0.018158500364590227,0.047920558912818295,0.02080708896434869,-0.037410802418199746,-0.004216221966911954,-0.05896461991614362
2021-10-21 00:00:00+00:00,,-0.07160048485246008,0.021915966633198627,-0.06404304568348257,-0.018667835767197685,0.03495046750144225,0.005375662717002836,-0.0036501434473516265,0.04050900271704085,0.015242638856115357,0.05529044021029499
2021-10-22 00:00:00+00:00,,0.03647403048789749,0.03753430320345565,0.03621366803599267,-0.0035038615594766595,-0.022847888237024622,-0.0210162283905342,0.009184923516676066,0.005369174710668023,-0.004901878442879238,-0.0353863762089042
2021-10-23 00:00:00+00:00,,-0.017299023395202433,-0.017457399513354333,-0.01089163006708331,0.022805494680462828,0.029351146927633805,0.018596890826814406,-0.024428149788307544,0.02145166394419484,-0.02921418693382149,-0.006890861095210542
2021-10-24 00:00:00+00:00,,-0.017915835459839886,-0.03962182831772192,0.026533042689958257,-0.009611452748869717,-0.023011295459440417,0.02985889335983692,-0.03081971114275325,-0.008213352806955785,0.02215369225805322,0.03919589262258612
2021-10-25 00:00:00+00:00,,-0.019654083643519966,-0.02678156325738221,-0.015533333401156004,0.018250931345917862,0.0349128294759836,-0.04888816994532958,-0.0025510449177864707,-0.0031916442953516034,0.020417082006066397,0.001645463355920758
2021-10-26 00:00:00+00:00,,-0.008360373380639219,-0.017448855585556807,-0.006865730321261032,-0.00043641814146898095,-0.04209667211025496,0.02720365275925244,-0.03846849806049119,-0.03105265128704056,-0.015274268321872687,0.025130415904679217
2021-10-27 00:00:00+00:00,,-0.03606205087443595,-0.00440133786938866,-0.0009855800189926673,0.006075894163377019,0.01938518847308328,-0.03271508197961423,-0.03333539725492604,-0.012789393648985363,0.028190844265574763,0.017395623634781854
2021-10-28 00:00:00+00:00,,0.027018504017580443,-0.006217239482087122,-0.029075393510150378,-5.238156192328614e-05,0.015440009200222517,0.016766301839711093,0.009431097900458605,0.0025274849075049813,0.023774091453385958,-0.0503195353025651
2021-10-29 00:00:00+00:00,,0.02557268166263847,0.02603515808424632,0.036272910266268735,0.04219145290991802,0.0021534972239563373,-0.030838573585141565,0.02661776093767607,0.04246156290624828,0.009032588448189249,-0.004239067689339878
2021-10-30 00:00:00+00:00,,-0.0035131581007212887,0.055807858104755116,0.0011662024601461944,-0.007669373650765552,-0.009259042874892862,-0.011292742409997062,-0.040825314718398203,-0.020095701026863644,-0.010432571408988517,-0.0011294203341306226
2021-10-31 00:00:00+00:00,,0.048980415420256156,0.007954021291548274,0.018047942630024065,-0.027945169815903288,0.026247143277041998,0.012501825717497132,0.04249685323989856,-0.009740610423350473,0.015820507443808956,-0.011365537984314545
2021-11-01 00:00:00+00:00,,0.007269344709028538,0.010088573556601126,0.006268937471790535,-0.037778257973422345,-0.0004932145476131149,-0.025218021512293506,-0.002555672834360068,0.01707050144931765,0.011448331817482853,0.014605265123583436
2021-11-02 00:00:00+00:00,,-0.04255368183228389,0.11619136455440238,0.00274083546551191,-0.0026762084169110823,0.024204214290340035,0.04590882840312446,-0.030485905630615342,0.017988417783815307,-0.002639781708404143,0.013799401957743202
2021-11-03 00:00:00+00:00,,-0.015785429101800197,0.0029959936290175444,0.05138434659196969,0.02341414604185875,-0.02022440086683442,0.026657074362259076,0.03165068944708574,0.013713556083232409,-0.013889509091059214,0.04292798296108114
2021-11-04 00:00:00+00:00,,-0.021970290809826865,-0.02423398783735176,-0.024799177380464096,0.0005959994936907796,0.013728404994389343,-0.02877055739756479,-0.0554200555341301,-0.04617753988690526,0.007255013287145272,0.015006316922125344
2021-11-05 00:00:00+00:00,,0.022327349028957146,-0.008658392600005484,0.030200646396342352,0.0166145564093242,-0.004959444049126668,0.007864749668542968,-0.035995851683469124,0.03281873030814528,0.026300928315076882,-0.04627443537193584
2021-11-06 00:00:00+00:00,,-0.033043949266194986,-0.03725431310011578,-0.0022958618827689115,-0.04387681374608898,0.04239763718100245,0.05547436619217406,0.009009868565907173,0.045314680357548855,0.049739237050062106,0.04349249465629538
2021-11-07 00:00:00+00:00,,-0.000926490021461716,0.04297241740468883,-0.0033045792416882477,0.05563859956390302,-0.026291020758379455,-0.008416279107923577,-0.012283822417097448,0.0013936999841684305,-0.002196731468867557,-0.0012236808410347284
2021-11-08 00:00:00+00:00,,0.05596036131526375,0.04482951124244452,-0.0021057106519113203,0.007420468961443976,0.020530674943422693,-0.03920756185219106,-0.019756491973965506,0.025001263059409348,0.002195752528532967,-0.0030586179009847213
2021-11-09 00:00:00+00:00,,-0.03166501949654579,-0.04288330789644842,0.009746569936789346,-0.05168490147779999,0.02434982414478625,-0.03536868523185775,0.03196052874000928,-0.0025532726670979855,0.032488007604050885,-0.007856252261197405
2021-11-10 00:00:00+00:00,,0.012423688583013176,0.0030671029109094966,-0.0009740356812795301,0.04132252259523521,0.03630148674643996,-0.000522315224517101,-0.017953020620070207,0.022100386465245602,-0.020387776075227418,0.01295109751010742
2021-11-11 00:00:00+00:00,,0.026616519622835396,0.06587848814811617,0.006331217638604092,0.035982231526410675,-0.0012576008196881008,-0.009794535900391425,0.00758772980788908,0.007999391559150856,0.03585464640812557,0.03507930393018976
2021-11-12 00:00:00+00:00,,-0.009915260986295003,-0.028679714245682743,-0.04953506951836053,0.017837265265498538,-0.047486366580092684,-0.007093160713815375,0.0028654968091569076,0.007650131126113929,-0.017736524678077244,0.003081233940839877
2021-11-13 00:00:00+00:00,,0.03692554255018774,0.016157214004504046,0.038572632523008715,0.028147825346461326,0.0271519764099318,0.018738802501577178,0.0176646616020694,0.019388805152115652,-0.006036887492353618,-0.04187298407877275
2021-11-14 00:00:00+00:00,,-0.024992650967183488,-0.0721582613802981,0.007700901357006512,-0.045892070488980044,0.0004899938626504482,0.032904257663663526,-0.055017950071595746,0.003273387178967086,0.05787112434350071,-0.017306420631328718
2021-11-15 00:00:00+00:00,,-0.008881483246966101,0.05571523230657268,-0.009815237718012746,0.01676458672845125,0.009778176775316711,0.02404490002151091,0.014562895389382737,0.08443797102402487,-0.009365394418985103,0.06870401849804325
2021-11-16 00:00:00+00:00,,-0.046233628380783334,-0.006174103279507984,0.002439561779771573,0.03210978934049749,0.00569352322027394,-0.02399575455628504,-0.008908283664729453,6.916760450610261e-06,-0.029877328228670137,-0.005846223389072008
2021-11-17 00:00:00+00:00,,0.010542357742369397,-0.03335334373071418,-0.04472767882570604,-0.012473034120496669,-0.016125343220715727,-0.013384467635872567,0.020220041719735227,-0.03591434722854446,0.03798933983072509,-0.040314625873391643
2021-11-18 00:00:00+00:00,,-0.06729908839587542,0.02039990345168126,0.021939697224199844,0.0058536938942801665,-0.022532521559674154,-0.018401189351848493,-0.00580028004934071,-0.019265144062083125,-0.004281047946381702,-0.011942410406308855
2021-11-19 00:00:00+00:00,,0.08229392132856345,0.006503468959874251,-0.03360968647943255,-0.001988392959719394,0.002009003502887863,0.021325244529018877,0.0018649534513633555,0.0082450246413694,0.01040933199103483,0.014506148010911336
2021-11-20 00:00:00+00:00,,-0.006938548136230463,0.02552679661908779,0.005912556039869391,0.013384136899825323,-0.03195641179443294,-0.01053015269561501,0.06243960809197228,0.007862261283978052,-0.028659604711096527,-0.0036925251462018214
2021-11-21 00:00:00+00:00,,0.01988295784593171,-0.006945813571816044,-0.05406086873595106,0.037267531210118325,0.005846617936196103,-0.0021954969061495056,-0.04075057753240128,0.01209285878039545,0.003288257856835983,-0.04255007672560038
2021-11-22 00:00:00+00:00,,-0.009445551100588223,-0.015055685293012893,0.061675799057304546,-0.013706063543777392,-0.006722363947789186,0.05266114802397503,0.051132669495336056,-0.00040791506095402895,-0.01096041625127294,0.04036698312622121
2021-11-23 00:00:00+00:00,,0.0013076266011619072,0.006698072756697856,0.013589217225103133,-0.053785746864525065,-0.0025194309027039793,-0.01789015070601662,-0.0581605950914518,0.03322962016131686,0.019503062055876225,-0.0190237924285701
2021-11-24 00:00:00+00:00,,-0.04221782671103312,-0.046310131933760774,-0.051006385958979675,0.04400608516283879,0.01372550873292288,-0.0017962167035127494,-0.05973533253080962,0.00019901130367406934,0.018081874548646862,-0.02081315002504119
2021-11-25 00:00:00+00:00,,0.011449727334033037,-0.009573018441346977,0.01578299546124453,-0.04225179266340913,-0.008727778293347754,0.008175127290270876,0.06842084339349655,0.020815270100935295,0.0028398387551881957,0.00028250957114172047
2021-11-26 00:00:00+00:00,,-0.036146790139322794,0.03511454918058711,0.04939525792851343,0.000665141906848662,0.00947743944559657,0.06029370180159873,-0.04482752898983973,-0.02794805702308691,0.013139636290819066,0.0018579439233433093
2021-11-27 00:00:00+00:00,,6.361961685589015e-05,-0.02802514308283789,-0.035275577080255,-0.004203163337688561,-0.03092337846714037,0.007089365888187001,-0.04299580227255004,-0.02033726677818418,-0.0765533421786204,0.017974906377987057
2021-11-28 00:00:00+00:00,,-0.013480948972908873,0.016220954980271336,-0.0044320141986144345,-0.007929295108112681,-0.0083160962668602,0.008450320895220544,0.04607436446319827,0.037316725590359444,0.022213150202213993,0.027427120017881168
2021-11-29 00:00:00+00:00,,0.023619476743134495,0.0292930503147844,0.00976294369688511,-0.024254742943056795,0.015479984083958873,0.0394836073218592,0.0010958094740053737,-0.011868629454894515,0.035064277020060014,0.04223019927215887
2021-11-30 00:00:00+00:00,,-0.010589336772270417,0.04904273751982092,0.010977498705049347,0.00568947817735185,0.006570886829917967,-0.027604825813179516,0.004127448117201177,-0.012080815436888636,-0.02865254743393655,0.006223018418650561
2021-12-01 00:00:00+00:00,,-0.0025841199282673546,0.020805557033689033,-0.004029862045251732,0.014307045133421134,0.04811490941887641,0.005131355367772212,0.021935287698767788,-0.0014314163704532569,-0.006386817205773897,0.008095940195082566
2021-12-02 00:00:00+00:00,,-0.0014160256311003625,0.03065814795512414,0.04592812248423501,-0.049538610686101055,0.03364876982515177,0.003800049436415473,0.14114337787818362,0.032815930918555995,0.060091760081918584,0.0263594033453893
2021-12-03 00:00:00+00:00,,-0.028894173757325208,-0.051186774317066856,-0.009611534568366468,0.043638443895541806,-0.048269963247613616,-0.02339511987318536,-0.055003248861682015,0.0102954312363261,-0.005014358207257283,0.023659917995553212
2021-12-04 00:00:00+00:00,,-0.03357735029763397,-0.035752961502083964,-0.030069778787185888,-0.013483261293436065,0.01575094080565194,0.06072824441266021,-0.004398498203630398,-0.024724864557465035,-0.05385544081277969,0.026417546322115442
2021-12-05 00:00:00+00:00,,0.03254186692392335,-0.006756426580250824,-0.21170178734244452,0.0074702756787630165,0.014536922939616746,0.02605690889602917,-0.09094606898820892,0.0020644316385768887,0.039585110635537095,0.0004166652813109191
2021-12-06 00:00:00+00:00,,0.019991852336701484,0.023250323475575103,0.07285493697698768,0.005767705646922989,-0.010939882902052632,-0.01334788425163368,0.07466171212671252,0.03600663607239846,0.02574622557600831,0.008408543560671054
2021-12-07 00:00:00+00:00,,-0.0037802832762963046,0.05384384775384774,-0.02204927936323285,5.2315305695086835e-05,0.022797389769220164,0.010217748223710991,-0.036699576151485905,-0.040395948729684716,-0.04400470940694165,-0.0277583861132661
2021-12-08 00:00:00+00:00,,0.008725812504263004,0.049653404160382414,-0.017401424877523688,0.05240454285853091,0.006277061655202574,0.03782801028242046,0.02353444008722973,-0.0034809940643725137,0.03675400977659964,0.017176654835513287
2021-12-09 00:00:00+00:00,,-0.05974991565079589,-0.06534238910650479,-0.0025437936875684257,-0.0077959794763665,-0.06580603451736294,-0.04538035133336167,0.0035686009763207776,-0.004185975234958535,1.9128806864132034e-06,0.026560880208401666
2021-12-10 00:00:00+00:00,,-0.029941210410659655,0.021680152346211366,0.04167572453784767,-0.012956907743917757,0.026232884742489807,0.027139957666727724,-0.011653734123317407,-0.008922321844347226,-0.036778292236066296,-0.03411878412070207
2021-12-11 00:00:00+00:00,,0.059644961256750104,0.020455187528020013,0.002848699908387464,-0.02636462811086803,-0.017920253140397677,-0.020056190245374264,-0.01926919343543744,-0.04938296198021255,0.034708458154451005,0.019437435970374894
2021-12-12 00:00:00+00:00,,-0.02433364601311548,-0.02001543616264305,0.012710659486764607,0.003879710817335981,0.02219418999879595,-0.023257281676432734,-0.010024168634596023,-0.01469527389035069,-0.02224527759476696,-0.01087798705037442
2021-12-13 00:00:00+00:00,,-0.03435858413180151,0.0012340633208498429,-0.021585046766160146,-0.0016709445182219982,-0.03467386715576688,-0.018233334210983953,0.013008992719249511,0.02483240229166317,0.00446379885295416,0.008787840727924863
2021-12-14 00:00:00+00:00,,0.0010003621595070136,0.050504251020373966,0.07721114335126783,-0.04439049320171611,0.03296874317553036,0.0151275567410152,0.04199926767959705,-0.018905726445608416,0.035794408694887266,0.09693426887221891
2021-12-15 00:00:00+00:00,,-0.020216656589730975,-0.011289025744460402,-0.07797766938611848,0.05751332138644025,0.010401391732072777,0.04874673784134171,0.009135941580129377,-0.002289376399252823,0.06391761036553176,-0.09437907916183327
2021-12-16 00:00:00+00:00,,-0.031442199046157374,0.02400144384946532,0.03136307029284343,0.006395542856566449,0.028898795857432172,0.023326395915111563,-0.04105592430108548,-0.003535385345055055,-0.04966493037722831,0.0016858647645275693
2021-12-17 00:00:00+00:00,,0.05240640755271425,0.047272886239169476,-0.02002360931712335,0.0021529343263095193,-0.015573560357100218,-0.027782571714257624,-0.01763971669346622,0.01815786233633634,-0.004564710744074806,0.007703915549816125
2021-12-18 00:00:00+00:00,,0.029104984519129042,-0.012242889304476213,0.0038710176136744195,0.002903499047604551,0.027469356868996934,0.04444132126550629,0.010394195350856198,-0.029605819717663837,0.005061860892678796,0.0007584152527829222
2021-12-19 00:00:00+00:00,,0.019087626804033073,0.0024810073362672527,-0.0005515007932460997,0.0312732725644256,0.014095635354819233,0.021004451681972777,-0.039241564939600154,-0.02994263689465791,0.014993751729598123,0.006326237999787108
2021-12-20 00:00:00+00:00,,-0.040059118046792776,0.002928762046419402,-0.011474274924964653,0.013861914397362533,-0.020423046405036494,-0.07743629153401979,-0.0443858233001643,-0.006384463342909836,-0.021848041471223937,0.018650418385340463
2021-12-21 00:00:00+00:00,,0.004681799471601125,0.00781310391409794,0.040590636425230926,-0.00498751792851704,-0.08504715415596344,0.003977623458684806,0.019316837987414952,0.013534129842180737,0.05206060924844093,0.0010986820730195504
2021-12-22 00:00:00+00:00,,0.007599495010890436,0.024067135533435886,-0.02787754473996416,0.022165917599183568,0.058372712989898067,-0.0029723398672301805,0.013666196214988876,0.004579389219835215,0.02799762445483745,-0.031396776722166196
2021-12-23 00:00:00+00:00,,0.011763011831974628,-0.010873398728373765,-0.0071904501281165245,0.013690998291087813,-0.13073719234382777,-0.030339602460602442,-0.0015922169150749538,-0.029790102769302645,-0.00336276809591435,0.02949297115692293
2021-12-24 00:00:00+00:00,,0.048716475359417505,0.004433311154066484,-0.02179054091258428,0.009955230432141872,0.04549269700206183,0.03206861136131512,-0.02940189736810423,0.0016874387975277364,-0.019575289461622913,-0.02999479377401257
2021-12-25 00:00:00+00:00,,0.0116032068855011,0.05665460839257127,0.02422093148355377,-0.0037895974555092076,-0.04176390657539921,0.0013715169760268103,-0.00639179033128168,0.018997997874147056,-0.00597361361631089,0.02084980160666733
2021-12-26 00:00:00+00:00,,-0.04203685485231186,-0.017211478692917857,0.0012007245510253753,-0.05242597752315359,-0.026052834629385,-0.037697219462135736,-0.03360845664371775,0.004073379997350959,-0.008345929147554507,-0.006610108298136175
2021-12-27 00:00:00+00:00,,-0.02131641114731257,-0.003948096817270655,-0.012748926018127181,0.03317703326648472,-0.016954394801397068,0.01332555102984357,0.018126430833766735,-0.021835639717858978,0.0060672071821016235,-0.010532063889807635
2021-12-28 00:00:00+00:00,,0.04264999784154457,0.010127458513227171,-0.0036136556357654367,0.005288904366048569,-0.0041617313331614786,0.01786908882622829,0.007709522402209267,-0.019651866102297105,-0.044646214182679854,0.03411352753653396
2021-12-29 00:00:00+00:00,,-0.07311679432288784,-0.01662984103604865,0.0032418205803626996,0.0001716304586198502,0.011659727419645861,0.020589090784944572,-0.012674984083927978,-0.022031602705473056,0.029393609901978708,-0.04166761738387026
2021-12-30 00:00:00+00:00,,0.040828964948231614,-0.02724298056946909,0.015899986236352467,-0.015602482440384563,0.015577350288333291,0.002505054785098671,0.01453410498454173,-0.03064473005138654,-0.026718535143543706,0.014427649156413591
2021-12-31 00:00:00+00:00,,-0.05587044407076953,-0.0023759452629806953,0.033212548255569456,-0.0408139335283579,-0.0012278126032719456,0.017771412510936495,0.035912281188542707,-0.0008651319704003531,0.036408736947179304,-0.029878225999310504
2022-01-01 00:00:00+00:00,,0.10436730008317141,-0.059684894443125774,-0.024817763736282136,0.029329235903196145,-0.0002526265555744713,0.015959110884961047,0.03158746958723107,0.007913049797475962,-0.003963628613719449,-0.019937355728334973
2022-01-02 00:00:00+00:00,,0.0027635865514119007,-0.010271898818103222,-0.06298437141248413,-0.04384669132707493,-0.022193425496938844,-0.014277402060957801,-0.022415992451916264,-0.004566841131667363,0.01672127215978059,-0.0027037006282284296
2022-01-03 00:00:00+00:00,,-0.014707631702228286,0.00462723879055052,0.02974250281300845,0.02471019719265883,0.020312676611774962,-0.03908872663313745,0.03426802892205493,0.03348236643383844,0.009610189400669492,0.06896543934359363
2022-01-04 00:00:00+00:00,,-0.002706846245257256,0.037570786457517,0.020163069986911267,-0.017209503306162114,-0.07704198872577303,0.02714881406927409,0.005186687707421934,-0.034282928881418345,-0.033926342138052595,-0.028162035291240037
2022-01-05 00:00:00+00:00,,-0.013761667441469014,0.0019585434123958636,0.027427449871519648,0.0044125761900073,0.05358431529181865,0.02318696870267651,-0.0008864045791742292,0.009887990169434431,0.01737567405201364,0.04438823953316201
2022-01-06 00:00:00+00:00,,0.05146840348560848,0.06895773936179614,-0.06696389488548739,-0.01414698989682116,-0.016178616187029163,-0.0374748088380955,0.05637665510544982,0.012272046806903846,-0.0330364515173465,-0.018677831881037932
2022-01-07 00:00:00+00:00,,-0.018892210662812776,-0.05922344431888339,0.020419227175994075,-0.004953736069119766,0.024614759488993984,0.0018160260659753598,-0.04425977776972346,-0.040909027025769686,0.004549278848469709,0.008645279212514328
2022-01-08 00:00:00+00:00,,-0.06593769978226427,-0.01839618010939319,-0.0035637557917837814,-0.016919800840164593,-0.02941399061468141,-0.002359991296031792,-0.011118087484118903,-0.013679304046957715,-0.016192704536241068,-0.019740836726162145
2022-01-09 00:00:00+00:00,,0.02565041193527994,0.04945662381815964,-0.010375974697803964,0.042344464431455994,0.03405362847558221,0.03921138478548758,-0.008425497379269476,0.0417331953281483,0.0010449107669550006,-0.0019967248660658654
2022-01-10 00:00:00+00:00,,-0.07752777462606883,-0.02701093840077448,0.06283639704823783,-0.01847617482498116,0.038735934107315545,0.01850087347585919,0.09980565889602996,-0.051439008885050395,0.005042403221624889,0.0027537706832680294
2022-01-11 00:00:00+00:00,,0.03644094904283157,0.01468589534490118,0.008240380358854736,0.024254388130118473,-0.051991628990691305,-0.038377958344735924,-0.01438963824497379,0.04767149858868788,-0.025701149642420713,-0.01222155952129022
2022-01-12 00:00:00+00:00,,-0.03694674692272336,-0.025221483377506047,0.017329957004585412,-0.012192755811014129,-0.00021950508273195984,0.06653352104258464,0.010323556469390715,-0.010457864533216728,0.032976057085051774,0.017860555246627278
2022-01-13 00:00:00+00:00,,0.017585283247082376,0.04898468769383673,-0.020815864233322316,-0.04259705959778606,0.005950326093881129,-0.0006116375663680789,0.03876231759314448,-0.013559749076914818,0.04307869809880684,0.052461989242404444
2022-01-14 00:00:00+00:00,,-0.01941646100678787,-0.05715863270867733,-0.0018922262185199832,0.010369018146997923,0.002131974837587713,0.013435997899451078,-0.03324586215520996,-0.01835013957620091,-0.031783311448149415,-0.04499499968025219
2022-01-15 00:00:00+00:00,,-0.015817997242731974,0.06896861600540218,0.02450118915720928,-0.0743800176146604,-0.05394254173257388,-0.037147198073797495,0.022367204234085405,0.01180825198978611,0.023465860658221163,0.008257338055106596
2022-01-16 00:00:00+00:00,,-0.012861158770122038,-0.03986151170879218,0.008945050810872294,0.051704339520566606,0.037248999926409204,0.018120919809906502,-0.0007359983854950842,-0.011857534976975071,-0.0012172888890336685,0.019444182649655285
2022-01-17 00:00:00+00:00,,-0.0064392022088137525,0.016289735796203186,-0.024437079852570896,0.011377821042877476,-0.028412710749272176,0.02757744080439039,-0.016659394571420457,0.01043989493631968,0.019962581055097378,-0.04029654550063562
2022-01-18 00:00:00+00:00,,-0.02628224874822644,-0.0069592402477692055,-0.008962759564505755,0.017356382381124413,0.06990377342446698,-0.009099977694145884,-0.008595787448098106,0.05066175111803283,0.009668001854979442,-0.00242485404837197
2022-01-19 00:00:00+00:00,,0.036517318924100386,-0.03297390225005482,-0.00025458344973252624,0.03422919433423513,-0.04493499445776867,-0.004633996949045309,-0.0007028345494071975,-0.026141934549962872,-0.014080596917116816,-0.016658640552353193
2022-01-20 00:00:00+00:00,,-0.030967807200038736,-0.015720021408444404,0.03279758671490543,-0.0072130419471766105,0.017862743612966497,-0.030018763802901995,-0.06590115080717535,0.03850587135475644,-0.05109464598051193,0.05640352588245644
2022-01-21 00:00:00+00:00,,-0.08915567999482886,-0.05616509448239983,-0.016876071999985025,0.043544161621126724,0.016104594971690814,0.007116290095758339,0.04839221081990838,-0.03267438796492152,0.01212707624475666,0.007330399214771837
2022-01-22 00:00:00+00:00,,0.04217442691207657,0.0622784860246088,-0.043656800851530564,0.005771684218010605,-0.061993752659667584,0.044077032993101256,0.02649415415204289,-0.027863345075091084,0.04045878919208383,-0.019620960823653326
2022-01-23 00:00:00+00:00,,0.0016384755840661313,-0.01590771762354666,0.006329080688679635,-0.029402509574707896,0.003537789740033746,0.004228401739060795,-0.059790960806514665,0.0033591225856588144,-0.021414978878724667,0.019937426800790418
2022-01-24 00:00:00+00:00,,-0.08573311164106477,-0.04780706042980779,-0.007602489668577961,0.02027675635927383,-0.02273133287147737,0.03944654712657231,0.07374464929060182,-0.011719254931356284,-0.05910850593473563,-0.023346648034079303
2022-01-25 00:00:00+00:00,,-0.0333702161703646,0.021743556019837632,-0.009412410899653478,-0.006453212707554026,0.031143015113483146,-0.02100665363725685,-0.08001877406284857,0.004713344419837883,0.00023516232012234123,0.02884085373500289
2022-01-26 00:00:00+00:00,,0.05229375901031506,0.004287408602525028,-0.010113112096475441,-0.013833746665306249,-0.0029649715935387995,0.015578435032720547,0.03291299439500193,-0.021872927620541414,0.01841101962996215,-0.05752449450642093
2022-01-27 00:00:00+00:00,,-0.015143767536335133,-0.054952997683211616,0.007363632356723285,-0.03581720127106488,-0.0033446707679165746,-0.0005938796583007115,-0.018217393799630076,0.0023345961911049543,0.017725801850529774,0.0225154440509684
2022-01-28 00:00:00+00:00,,0.0071894151506944155,0.01916715686886834,0.005057039618564291,0.03215140448037382,0.05123864323509061,-0.046825913289885134,0.07265121409171121,-0.02822442268192939,0.015611968244179208,0.026131441615717257
2022-01-29 00:00:00+00:00,,-0.05078321266119331,0.018955605275387928,0.015272346467595935,-0.003359709241569277,-0.018323757438926506,0.007398779508194052,-0.01874798990610441,-0.006156858169507079,0.03359381100311853,-0.01644954327763996
2022-01-30 00:00:00+00:00,,0.003948919513959848,-0.018401125778381447,0.013165376860354277,-0.03206168654010265,0.0022995218772231003,-0.023671540868617703,0.005012943535413159,0.007267239521811424,-0.009066920517918743,-0.03566825110281585
2022-01-31 00:00:00+00:00,,-0.0075323604991348984,0.024072984368248142,0.0020482736230077966,0.04196717000147545,0.016101464772571166,0.021120492701712058,-0.02218221700964317,0.040007225939931536,-0.023060120989306283,0.05550211854624128
2022-02-01 00:00:00+00:00,,-0.02752576974074125,-0.006194862485430422,0.016734915686329684,-0.04120725894040291,0.02091410326176364,-0.0034840326251387352,0.016264186037003345,-0.017408292720926907,0.020967585531017473,-0.025467262297269953
2022-02-02 00:00:00+00:00,,0.019201443375928082,-0.07571218379602172,-0.045484748516265,0.03142578612394015,-0.15948723235508933,0.027961241546426367,-0.004382791563684308,-0.013055971147684043,-0.09246798826299,-0.02405399898347236
2022-02-03 00:00:00+00:00,,-0.01974264076290165,0.067285959804738,0.0617111384285565,-0.010423662623965789,0.08594372047647286,-0.005888132636933754,0.01472593029634194,-0.008375109997088388,0.04786200775616552,0.06531646312300356
2022-02-04 00:00:00+00:00,,-0.0011840980079554815,0.00410984476459542,-0.005674360352175432,-0.021480494896704536,0.02064178538027151,0.024121557334309023,0.023472130636339232,0.015676418778795154,-0.020316239294780877,-0.02750870812557786
2022-02-05 00:00:00+00:00,,-0.011472742276506402,0.016529729043999904,-0.03476509961036663,0.036048422168949504,0.04382322726559159,-0.009458065712756186,-0.05530360432055222,0.044335681826748075,0.0007796169784122235,0.010867750385525734
2022-02-06 00:00:00+00:00,,0.07327479418784806,-0.032442631628512845,-0.03165121258821409,0.02932191639497845,-0.03398253592766513,0.04727855630322478,0.01024480430379619,0.017990572201280877,0.033931415576936505,0.026213486345623198
2022-02-07 00:00:00+00:00,,-0.027297289077868825,-0.006288299746193843,0.01842667068064178,-0.05038172618606979,0.0035138948215927457,-0.006351168553838869,0.018092023428115778,-0.007359089677876653,-0.021231651148278255,-0.024001055858963644
2022-02-08 00:00:00+00:00,,-0.010258582007579044,0.003954583084950188,-0.034762113993438405,0.0034773151419112552,-0.001437851736550896,0.03956000142996669,0.016723003206311694,0.018849406979233763,-0.05930902143156047,-0.0012274800168155828
2022-02-09 00:00:00+00:00,,0.05725093269557577,0.04289158348310278,-0.005346978067892527,0.03315268816073319,-0.01404911474708434,-0.052156656466707696,-0.041660788204382404,-0.02085314236949576,0.0036278739992185987,0.008017995190981127
2022-02-10 00:00:00+00:00,,-0.04727109684594962,0.02939973610112469,0.014172623924187853,0.018709231674515492,0.0048100950910864625,-0.004320700868860125,0.012023802372648305,-0.07620600430559535,0.002502457240189203,0.02537314023638794
2022-02-11 00:00:00+00:00,,-0.005164241418177016,0.017279231848041105,0.02836987754109012,-0.024586961111491012,-0.010910913395031448,0.006423959932268939,-0.004862858641526649,0.02121277980868466,0.028402971832646944,0.010227521902765652
2022-02-12 00:00:00+00:00,,-0.0332079540073381,-0.028405331956819862,-0.02318115845216888,0.024619389220301498,-0.017859606726904138,-0.011879627882231248,-0.0015949470397881027,-0.006357913642282755,0.0009605475002550845,0.01291615437755645
2022-02-13 00:00:00+00:00,,0.015079830937852062,-0.015427360556911898,-0.004301714477245456,-0.024633543630266548,0.0379643255259364,0.05955385155202196,-0.014800677196684618,0.03489232820705726,0.013292905085899073,0.0007343630365831316
2022-02-14 00:00:00+00:00,,-0.006029393656220842,0.0287613041094785,0.020209793749656067,-0.0110106268707264,-0.01921280474127873,-0.0006215858200532559,0.004628072612711414,-0.0054758699298361295,0.029282504562505838,0.016307319614786486
2022-02-15 00:00:00+00:00,,0.015792877970600534,0.03252925202634532,0.042424114338581564,0.006139675284809739,0.004452098802919115,0.06844016567219037,-0.03366955748221315,-0.02796721531809243,0.03731683864185846,0.06947161234567238
2022-02-16 00:00:00+00:00,,-0.006453461876425801,-0.012813115096447579,-0.03955887526211949,0.014748035940879712,-0.03843343773599834,0.029188442863766213,0.03330569676842176,0.006251052137248569,-0.007262872053852862,-0.023539835800061235
2022-02-17 00:00:00+00:00,,0.014093659804072853,0.04951899785171285,0.038586907049943116,0.0072452464385384645,-0.02025684846274787,-0.009066790460760437,0.0061886110125500444,0.004197156012771526,0.03601487405767893,-0.023505145343364217
2022-02-18 00:00:00+00:00,,-0.017428712963930393,-0.004064259610168853,-0.03722567844404015,0.021495917934404536,0.03905082982813611,0.05062965625334532,-0.0018903476843689549,0.041193191212723516,-0.06533545357884246,-0.01733316661167027
2022-02-19 00:00:00+00:00,,-0.019077852077218887,0.029227696425054135,-0.021367997144586745,0.0029007246621024023,-0.027439843586301138,-0.005707831122342866,-0.010916717177144965,-0.024327084655111304,0.05734156994395217,-0.007417935821105536
2022-02-20 00:00:00+00:00,,-0.021757463594479214,-0.04161544562628969,-0.012331536212008845,-0.005730598857697771,-0.016745667996409783,0.03473507677584678,-0.049947083751297305,0.01332958982356975,-0.029234133920727642,-0.015510581882875983
2022-02-21 00:00:00+00:00,,-0.033183142600725114,0.0013869385785129648,0.05491674174847941,0.015833951558342312,0.00738277449177094,-0.03999976874501868,-0.03246711447394482,-0.0011637023879044286,-0.020566771988710562,-0.010855680161215004
2022-02-22 00:00:00+00:00,,0.05147822654613696,-0.01838666965939919,-0.06430047775389724,-0.06853832203155971,-0.030724857272949213,-0.048062424692953166,0.03478532209982095,0.0053867862572865135,-0.0038158412810671907,-0.018311714853028772
2022-02-23 00:00:00+00:00,,0.01636652294469763,-0.006824720054506937,0.028832792103787055,0.04735720470416569,0.0334787954337159,0.02215178851808789,0.058818295043063254,-0.03109561750394921,0.010046674764022543,0.011298032819161079
2022-02-24 00:00:00+00:00,,-0.019051611497602525,0.00332012128945662,0.03996819983859074,0.01654228192851174,-0.025991348954806932,-0.007210723901471534,-0.03357781814586956,0.00653196241744854,0.03207662752744183,-0.045813324509601946
2022-02-25 00:00:00+00:00,,0.016619383670624994,0.07701391233811788,0.009495826591548996,0.005003296658585456,0.024793105389913684,-0.0069499416082206,0.029954868265294095,0.008280623227328645,-0.03805013559505654,-0.0005767106825629772
2022-02-26 00:00:00+00:00,,0.018923744257003536,0.02162380557709515,0.060257026731277356,0.004734343944405335,-0.009105446269249503,-0.012307099401701582,0.033195042453735876,-0.03598016322864677,0.001162723217551322,0.008542817955017273
2022-02-27 00:00:00+00:00,,-0.008563416557039858,-0.03558355236277191,0.0018765330747217814,0.018390852922950347,0.009844711929760115,-0.014448999208782183,-0.008441242495011178,0.009487093439167696,-0.008608371089858256,0.014842378398525622
2022-02-28 00:00:00+00:00,,-0.02096601611289797,0.0278692208159215,0.020099068537618274,-0.01737914963609532,0.038677831016580205,-0.0185859209887877,0.011146927236236292,-0.027487838443516648,-0.016014712030318217,-0.017850565849708164
2022-03-01 00:00:00+00:00,,0.02498688004781144,-0.012843160935632003,0.017439288598498606,0.0417748555299606,-0.01790342717008641,0.015105323694188658,-0.05809062098031522,-0.018993783047078563,0.027521792581455713,-0.004407351421537862
2022-03-02 00:00:00+00:00,,0.018951844055032287,-0.01046276932377222,-0.021273303615180525,0.017703646089047242,0.012596492174073843,0.011104640433928104,0.03874491575955482,-0.031546598935001655,0.025198359408551106,-0.0011673594261747712
2022-03-03 00:00:00+00:00,,0.017828401376591495,-0.0033092631542271742,0.017646007287214674,0.026355568707235093,0.041274235924538126,-0.05112114688220899,-0.031131132704536157,-0.012474108934006425,-0.04956096645473681,0.009020327071682639
2022-03-04 00:00:00+00:00,,-0.023576454858594786,-0.015461551917800555,0.016917473890764874,-0.04957920579263176,-0.02156843814497751,-0.011299157261036698,-0.02252518172887028,0.002693716144363377,0.026771009158762616,-0.024052677338968157
2022-03-05 00:00:00+00:00,,0.03313558772380472,0.04989429748550198,0.0027976351456413546,0.02165374930161677,-0.010735613299339442,0.008583216981297487,-0.023800391945528597,-0.017262673262664646,0.009668035555527733,-0.04802689899172477
2022-03-06 00:00:00+00:00,,0.003251808925410983,-0.03255340310314486,-0.028287395564385382,0.020124438452089687,-0.03142957862770412,0.039425680321547134,0.033450296699036514,0.011635064971212798,0.012238735422711502,0.002740699326528124
2022-03-07 00:00:00+00:00,,-0.03881013145356047,0.050390735840727126,-0.01646307810641258,-0.0976447534898201,0.03393850450141216,-0.003549724938539998,-0.051437755784941724,-0.012037960579554736,-0.019265080911537873,0.019532327106101376
2022-03-08 00:00:00+00:00,,0.0335851351468941,-0.004332289642321278,-0.010275501115053308,0.053898211596795746,-0.06313898395485347,0.023625099009253324,0.0425797781671442,0.045867502390106084,-0.013487733084506626,0.01957782754513271
2022-03-09 00:00:00+00:00,,0.006260804972388532,0.02847644684369073,-0.016261022687148696,-0.03774601553232718,-0.015511737985161204,0.019396717618390177,-0.016236558759880552,-0.06581427118099402,0.038531292313015476,-0.008099931360911963
2022-03-10 00:00:00+00:00,,0.006848931629329533,0.01572582415357661,0.01825268274091662,-0.01153637177020951,-0.030321705601898046,-0.0028651278988325785,-0.0015073695213146411,-0.019305412589847446,-0.032896736000964426,0.048435605967902313
2022-03-11 00:00:00+00:00,,-0.015785284541158916,0.009365015521530011,-0.03720643692827678,0.022445293013439362,0.03243801762496375,0.025997915810960535,0.014865232967631849,0.025059678652833563,0.014890970701955546,-0.028603696332127688
2022-03-12 00:00:00+00:00,,0.017587831271793045,-0.03746260845115052,-0.01511654265430674,0.006628213289737385,-0.012633457042237534,0.006414708690431592,-0.025996067501798795,0.049213202761089925,-0.0007482492730778364,-0.060221784107732795
2022-03-13 00:00:00+00:00,,-0.04364498438955158,-0.0192521784032905,0.011978613500491668,-0.05019781842226853,0.010192635754299182,0.01397432381132815,-0.008619813454669637,-0.061070203698612456,-0.035438093966559385,0.05926511597466496
2022-03-14 00:00:00+00:00,,-0.008590923600776512,-0.024025087340947784,0.03105445436204273,0.0003127556701931828,-0.013838494171695779,-0.0007591022925239532,-0.00989301371675139,-0.004777836143953311,0.0349925032210744,0.018285615539125284
2022-03-15 00:00:00+00:00,,0.01335039666913473,-0.01061405461385225,-0.018615606465685546,-0.00891717150087979,-0.048566893779844245,-0.021811723701684424,-0.0033589366062449083,0.002348598709330794,-0.012536467976033886,0.02338500675206957
2022-03-16 00:00:00+00:00,,0.01927891035829665,0.05646305599384121,-0.010758664591367281,-0.03804594648031348,0.00457828433898057,0.044759400944391216,-0.01148128159237766,0.029179572530359646,0.02574168853662895,0.01419976989291108
2022-03-17 00:00:00+00:00,,-0.008982666726756353,-0.08006132401934732,-0.02254923526964142,0.026018983171420353,-0.050277899499702315,-0.02612648922223272,0.0034949164357113535,-0.009539495747644237,0.017664624348550526,-0.02104209549544977
2022-03-18 00:00:00+00:00,,-0.01020618911443323,0.06590944386507752,-0.04977874284701812,-0.02498719256095351,0.012758849260399226,-0.03127457313339003,-0.006436858299512789,0.02175884981123447,-0.03786330317652311,-0.03647826383958019
2022-03-19 00:00:00+00:00,,-0.007623974439726047,0.009224756065043463,0.04779077229342801,-0.024035398972381664,-0.024511073968444375,0.0342891593408641,0.019060833989745823,0.01846471864137446,-0.015643422019477923,-0.014960742977459295
2022-03-20 00:00:00+00:00,,0.012144561453038605,-0.049466747611497865,0.007389974007538013,0.0007090225174901791,0.004048107494951935,0.02150712674975447,0.007353974878011936,-0.04533781976992712,0.043045871332647645,-0.017571310883473322
2022-03-21 00:00:00+00:00,,0.01868948281668255,-0.009033775726503976,0.01869552280005318,0.004587649746592235,0.024292693144414686,-0.016300393362422907,0.022605673204792832,0.004900521495386993,0.00480206649961115,-6.612032703736916e-05
2022-03-22 00:00:00+00:00,,0.0015882636047886368,0.0038642189819859487,-0.022975419958007056,0.01163910428156565,-0.012004317105497715,0.003774128479940935,0.0008189554673536612,-0.00560881057258775,-0.06143399132063465,0.02613907613173141
2022-03-23 00:00:00+00:00,,-0.0008077306915184763,0.018036479349704437,0.002577162584001697,-0.019670461521317545,-0.005392680317459867,-0.0452176323822642,0.030838689772939503,0.028890837504548753,0.043968075635824236,-0.010903547256115418
2022-03-24 00:00:00+00:00,,-0.00657242805230641,-0.0014715072103537977,0.013920294192291995,-0.004086901734814402,0.006960002857213581,0.022634461245539632,0.03406420466637033,0.011527922491781507,-0.032056471608660396,-0.020768054043295743
2022-03-25 00:00:00+00:00,,-0.004128518880923683,0.04799911565340981,-0.04558358246418288,0.036331270921725195,0.024067391145079917,0.015101383948980033,0.022722778309333686,0.0436066496420883,-0.017556996919312184,0.08443502215345164
2022-03-26 00:00:00+00:00,,0.014009556210790348,-0.03420386748818013,-0.005080656094579249,-0.015853714454839636,-0.012830676609479097,-0.0077022681940408745,-0.0031962892977566294,-0.015224274135526676,0.056908954153753855,0.022302848920885642
2022-03-27 00:00:00+00:00,,-0.07278631850120212,-0.0418238399294737,0.0011007499497466579,0.018315592504032363,-0.015537345002621177,0.025016872493306794,-0.01175251995905112,-0.02357583153495816,0.008269980335319282,0.03372259096270966
2022-03-28 00:00:00+00:00,,0.04542087372315523,-0.023900988706674255,-0.03778820191273827,0.018236608786546652,-0.0016851185950525088,-0.02313872515835096,0.0013580478219643386,0.003705480271984881,-0.03549627893098942,0.03960418069160151
2022-03-29 00:00:00+00:00,,-0.0010442235459587048,-0.01461085280770549,0.0263616304705304,0.020361242762406768,-0.03688146192978765,0.01808709225319874,-0.02805550457636969,-0.03910859047353991,0.012069970658709215,-0.029333307475737036
2022-03-30 00:00:00+00:00,,0.0205887149557876,-0.01014224282311026,-0.0014563663866300315,0.041170975081551105,0.030176712027699813,-0.0008974161167440531,0.026689610495182585,0.016489145733336822,-0.023250649424321257,-0.07177964489153779
2022-03-31 00:00:00+00:00,,-0.014679698746167875,0.010923111596986054,-0.03154153456818156,-0.053380184007342096,-0.04666018943207431,0.0005894194420249973,0.01307140817995932,-0.008338942281611807,-0.0031941927678537704,0.05699426960954227
2022-04-01 00:00:00+00:00,,0.020468723015483834,-0.012346879142083685,0.013500365571343566,-0.03216117397638336,0.045724760281952666,0.021078624098671585,0.003316309658548626,0.025471446259505585,0.005821171886080102,0.015657549604538475
2022-04-02 00:00:00+00:00,,0.011938163206492205,0.017991072665077826,0.012676856415603281,0.03226839447410656,-0.002557887620726611,-0.015054996875635853,0.04770330061219166,8.832365134293147e-05,-0.006397364619193988,-0.011525067607972663
2022-04-03 00:00:00+00:00,,-0.003924838177007771,0.02638582338881796,-0.09047321882037289,0.004522166411542922,-0.019653809860322835,0.004323109942685861,-0.015152172450647709,0.06124792676339271,0.007421442015655679,-0.037097939043203756
2022-04-04 00:00:00+00:00,,-0.007801701633454607,-0.040779039738176974,0.0503160190725499,0.0006019257027010202,0.016887014116392884,-0.015934279403115745,-0.009436517736949087,-0.05548553361701479,0.004506451088817386,0.03181131726413405
2022-04-05 00:00:00+00:00,,0.023485792114922115,0.027290106989537766,-0.03451399617846634,-0.04609547385809914,0.00249090364541045,0.008889577728303292,0.03699604370537747,0.009812378123431425,-0.03816288248112894,0.005015920639779185
2022-04-06 00:00:00+00:00,,-0.005306369782853574,-0.04631502693962156,0.05752643757990575,0.04322971482296866,-0.007790697435156412,-0.024305041695426435,-0.012824889730469498,-0.013154861521211335,0.060922136265299444,-0.03531050480064867
2022-04-07 00:00:00+00:00,,-0.027154078546132228,0.08542809191371396,-0.059784634899706944,-0.020896408052136092,-0.042468908748000446,0.0044502291699475205,0.04903305201134522,0.04781228143727264,0.0237049218993092,0.021197309355352453
2022-04-08 00:00:00+00:00,,-0.06189616291399691,-0.027367165204351934,0.04059116113562256,-0.00788965297427651,-0.022472445977768277,0.01694436433437704,-0.05938610813474955,0.006168372395376519,-0.0021962322938531,-0.04438691225088471
2022-04-09 00:00:00+00:00,,0.04587089448596154,-0.017136054222023554,-0.022804158867135063,-0.01472215518991709,0.0434776370081369,-0.0021509445819427988,0.023697747853952143,-0.002575681435108997,0.03152185831973277,0.027612682302892537
2022-04-10 00:00:00+00:00,,-0.04067618002952774,-0.020411155089724013,-0.013359015712275877,0.010559362682775603,-0.05181047299640755,-0.014453535337847842,-0.01893612466465924,0.00011145264754577079,-0.005106855575277255,-3.623121273992213e-05
2022-04-11 00:00:00+00:00,,0.03302663152996359,-0.0328940588382697,-0.009434070245199138,-0.025634761098193563,-0.03570749582789468,0.03775935364656075,0.013202232488977242,0.007484721195606192,0.016878511355804548,0.009226600833767966
2022-04-12 00:00:00+00:00,,0.007808632411292125,0.016399389222862562,-0.05349289700200872,-0.01851868134676827,0.02339047638171884,0.005010056442963157,0.052837478668687196,0.0005732889043496866,0.02545090803630321,0.05914624653498811
2022-04-13 00:00:00+00:00,,-0.011129647453887528,-0.006614115423559663,0.05390232130838994,0.00888788158274099,0.021533708222854005,-0.020652362028478092,-0.045215948690171384,-0.01021337990044305,-0.01573781446594068,-0.0407509663687091
2022-04-14 00:00:00+00:00,,-0.010892169441206644,0.038939058346444747,-0.007721555662896766,-0.008604236470831998,-0.005463438848349753,0.04175209978800193,0.032190187724806335,0.0652438627748638,-0.0030737344334705497,-0.03649988397042325
2022-04-15 00:00:00+00:00,,0.006915316567923962,0.03278373712832081,-0.01032461222282278,-0.024201779992517585,0.008467248962109085,-0.03930627390570409,-0.00896302375975676,0.03968330463746385,-0.02346405848664934,0.00557119895635581
2022-04-16 00:00:00+00:00,,0.005005541032773076,-0.032780688831393116,0.05030939212800654,0.036481542065683784,-0.0525713043601935,0.051769728337918805,-0.054925022302903546,0.005654565734488701,0.014445590314691796,-0.016059229737403573
2022-04-17 00:00:00+00:00,,-0.008235077996668711,0.007819864656498303,-0.00014102801722148158,-0.020772617899585233,0.0033971668842395163,-0.020847147947905577,-0.025319120235895817,-0.00954366372472694,-0.028054930434234515,4.069325510415984e-05
2022-04-18 00:00:00+00:00,,0.0059269050935397295,0.003659661114441556,0.009806518909606656,-0.007406830126816255,-0.027041769812130852,-0.011411550994213438,0.0848899122195435,-0.021335897683107674,0.018474323959277332,0.014797678073170926
2022-04-19 00:00:00+00:00,,0.020151503825707285,-0.0030466792070501887,-0.0019533122061813194,0.0013196703600502192,0.024727543694962648,-0.007207168297741175,-0.03198984497666099,0.03984920989811688,0.007351248724744713,0.005842838367911686
2022-04-20 00:00:00+00:00,,-0.015010991908423301,-0.014539207436156268,-0.02191543235838478,0.031855784201396654,-0.018164115662090842,0.010785272633806393,-0.006325810845856294,-0.00846166268343628,0.012997244851100286,0.03022760872618889
2022-04-21 00:00:00+00:00,,0.007047527686071355,0.01301674260067784,0.03826686230135342,-0.007589853880830305,0.060949943745117495,0.011742139084441631,-0.0114528080256487,-0.04273237257195187,-0.00694949215586788,-0.04930240357985139
2022-04-22 00:00:00+00:00,,0.011681167020453955,-0.0010590730313198278,-0.024627391852894656,-0.05176423993382174,-0.018721129414330642,0.020906997352454396,0.06005231277160777,0.01565607283519381,-0.055858256024169904,-0.00522360502374963
2022-04-23 00:00:00+00:00,,-0.02980801229474465,-0.02227646617860296,-0.009896145300183129,0.015543077098134727,0.00045184422283822765,-0.0327110643198437,-0.03423970918613215,0.011024051192843954,0.025743004840285758,0.012707850375724108
2022-04-24 00:00:00+00:00,,0.0041462964526645316,0.029993642755632544,0.0049693254398184925,0.0051397562255917255,0.005591980858252594,0.00705726199321872,0.035448631677457695,-0.040241037659749145,-0.03425986412269441,-0.030371063469080688
2022-04-25 00:00:00+00:00,,-0.002637692249713072,-0.0082610982335553,0.017635193597528753,-0.04546474599009434,-0.037796674915135414,0.020143894297479106,-0.0077285363073008,0.018328287148939533,0.02778397764221038,-0.04352620672925586
2022-04-26 00:00:00+00:00,,0.020118485177390285,-0.024202221316436397,-0.03696888281421316,-0.008574683698929737,-0.0034509644066451784,0.04461482584812593,0.006555631316426878,-0.04462967144804893,-0.019092004043667742,0.031733155381484184
2022-04-27 00:00:00+00:00,,-0.0054518421544607724,-0.02139876778069581,0.0013415300810114595,-0.007157574399987995,0.028418366367230483,-0.012779610862578672,-0.021010757615677594,0.0414028836440959,0.014633621950743667,0.017184404914873927
2022-04-28 00:00:00+00:00,,-0.004195650845757302,0.017232284753249116,-0.004590168737482053,-0.023317973600474242,-0.051040330060687034,-0.015912968185552618,-0.014592923373756037,-0.010902129375802783,0.013346334248171852,-0.028286337570626777
2022-04-29 00:00:00+00:00,,0.0690997464572483,-0.008213578799317514,-0.054155571846286873,0.01877793288852458,-0.040789179993278926,-0.005303453627228477,-0.011666295159521632,7.153632255044347e-05,-0.015452216493637464,-0.00985154335690779
2022-04-30 00:00:00+00:00,,-0.04406701509043837,-0.025520051284670546,0.023354312436988246,-0.014921924140556563,-0.059812665510261875,-0.0645183571506889,-0.052418440743457445,-0.028590768480714217,-0.021620135231871004,0.011045360498725596
2022-05-01 00:00:00+00:00,,0.018687712458718926,0.027572329254721514,-0.03945912220617791,-0.04585691516831016,-0.00046019462012808525,0.04339416959341289,-0.005529267290622634,0.0029672267875303295,0.035492996275030046,-0.021293916538401746
2022-05-02 00:00:00+00:00,,0.022894823073011626,-0.005120494414194824,0.01422818063507008,0.005263422442635327,0.0419653383924314,-0.061510648219976906,0.010181632411620586,0.019790502841471505,0.03336312256621703,0.026696827229551204
2022-05-03 00:00:00+00:00,,0.010522799517414055,0.013997380354932044,0.07307995823387692,7.612288117430042e-05,0.010630123216883834,0.03455620580776801,0.0236121245517801,-0.03437751895975399,0.007199668883831516,0.006817348463982419
2022-05-04 00:00:00+00:00,,-0.021408113291848538,0.016276356794300787,0.011268519083912087,-0.0308755768608648,0.0017488003619679643,-0.03846207845053335,0.023563532694817885,0.050819945382702056,-0.0515600816497723,-0.03856543310662161
2022-05-05 00:00:00+00:00,,0.04505890569332327,-0.00931498797803189,0.004440420165550229,-0.013861748540100223,-0.03103079063567911,-0.006175546920648324,-0.006011093999550733,0.007404415720970624,0.021222544522823468,0.009728251557802166
2022-05-06 00:00:00+00:00,,0.011917299814640674,0.02307300993479554,-0.014799004723666536,0.0366553169602738,0.03934103765545153,-0.04540043126309543,-0.0216429983677307,-0.011059707444151546,0.03965710364638152,0.06671617271240965
2022-05-07 00:00:00+00:00,,-0.01164345609900238,-0.0071221084876377455,-0.026453613427582463,-0.029102789870594607,-0.04777386413353789,-0.04804133025803537,-0.03596240596602898,-0.05122373343771881,-0.025859190436471415,0.05789740211457729
2022-05-08 00:00:00+00:00,,0.027500832877108743,0.05929889875710496,0.029385137322503523,-0.023048699748567818,-0.0016552150989335203,0.05067710779977644,0.04130863233517781,-0.0355682818710322,0.045360414701756134,-0.033084109085270014
2022-05-09 00:00:00+00:00,,-0.13985959302594816,-0.03465799067254459,-0.039930769233766844,0.021800781876871882,0.030240026535541475,-0.20875640154419758,-0.040601391613238086,-0.01779426193887138,-0.029166198451509015,-0.023349937328410106
2022-05-10 00:00:00+00:00,,0.08228576252260406,0.037136688717951866,-0.03371650588349698,-0.011139088691962867,-0.006162507084590384,-0.11239019189413667,0.0026426444760476154,-0.006981456901854062,0.07347148624361272,0.038719248046966165
2022-05-11 00:00:00+00:00,,-0.0901995069825399,-0.07397579001559652,-0.11128942545322867,0.027285815815033455,-0.02196537275161427,0.0053510887621182395,-0.056290907310208596,-0.015620815940497752,0.03933269050441556,-0.00915573360851302
2022-05-12 00:00:00+00:00,,-0.013104069376315565,0.016155648990077598,0.04674112183102612,-0.02760064337140234,-0.025730732536392034,-0.08808070883871637,0.025001038305890053,0.0033915275218058647,-0.018144222412508598,-0.005791547099619045
2022-05-13 00:00:00+00:00,,0.07529281492006897,0.026836410503114094,-0.018251598859099716,0.039547360205878575,0.0038119961238911276,0.12127202683669552,-0.0036566193994712467,0.01378181681222198,0.03562214380402785,0.025800237005905446
2022-05-14 00:00:00+00:00,,-0.0013575825700469476,0.049271050246509684,-0.00164189480451702,0.0019718871981737585,0.017488962173132963,-0.021479179771793266,-0.012381798072309925,-0.03688213737115565,-0.021465086765522348,-0.017950809614577092
2022-05-15 00:00:00+00:00,,-0.023944907842583393,-0.06273465755832333,0.035542364217494515,0.0004955121026911723,0.02313222468150094,0.059203060371834565,0.05020593406897457,-0.008269213500505733,0.003288034088960839,0.022325463731905325
2022-05-16 00:00:00+00:00,,-0.07492248709890216,0.029544196705741495,-0.008198179354010742,-0.031044833470190478,0.025524179064117688,-0.1086386519955696,-0.00224524467144456,-0.01234928803414307,-0.051676379562303976,-0.017529312876141488
2022-05-17 00:00:00+00:00,,0.006120251264454236,0.006576543708245171,-0.026095853534285722,-0.02045305008136079,-0.027033266412534215,0.03416097813967291,-0.04799990468819797,-0.005363608033500953,0.022649028324261793,0.045150353713740626
2022-05-18 00:00:00+00:00,,-0.00790156378760436,-0.009167569516634643,-0.0043736035278241865,0.009784275063782155,-0.0008022249536208434,0.009551146356796464,0.012017868735305727,-0.017795571248036643,-0.03649446857179905,0.01911570085434161
2022-05-19 00:00:00+00:00,,0.09764696424679692,0.10626440597942367,0.03418861365828103,-0.04796211051319553,0.07874017967137859,0.04443717523876042,0.015183093456886529,0.04391566752020288,0.005391590773516042,0.010124110120397784
2022-05-20 00:00:00+00:00,,-0.1009856304654026,-0.08159476996395466,-0.0015427826568245719,0.03801352348700642,-0.034170121918307254,-0.059682886496427404,-0.00979722882423948,0.012561613042383998,0.005696387834993726,-0.0031899910118916913
2022-05-21 00:00:00+00:00,,0.028687503472361067,0.010116833046564716,0.02482346128232733,0.012226559697380832,-0.01613304380533378,-0.006578328485437639,0.026754046059615705,-0.03812845818612773,-0.019150451571356617,-0.013892159278478576
2022-05-22 00:00:00+00:00,,-0.029748611945690544,0.011585763137550368,-0.0014444250215878364,0.024984102870523276,-0.001145814254043559,-0.011737602780477129,-0.00718952299590583,-0.011989801561984644,0.012198816679619933,0.027901461829888785
2022-05-23 00:00:00+00:00,,-0.04261941310673449,-0.012739751387192336,0.011592655966639867,0.00968076022788499,-0.007079904688232529,0.0052153790678127095,-0.0038093783389215744,-0.028734753240950865,-0.036712164127648834,0.0024077439671988817
2022-05-24 00:00:00+00:00,,0.05343444439271775,0.03340086991014784,-0.05029205175604537,0.028964062018811534,-0.019371551213442695,-0.03831832988954937,0.02508919162671019,0.018007171231436307,0.004875569394465353,0.0004810359295957191
2022-05-25 00:00:00+00:00,,0.008111083652561893,0.013643074624687647,0.04460330017453435,-0.005300375749349159,0.003550874043182796,0.005398160087359689,-0.03207247281916032,-0.02717904611176682,0.002192222179471955,0.03808634395598364
2022-05-26 00:00:00+00:00,,-0.03595574130356015,1.023613173953304e-05,-0.06624038885519097,0.04101743739763531,-0.006723848078356631,0.024212675245464988,-0.03685762620184662,-0.0015028333757056184,-0.031141849286021532,-0.010463375984709453
2022-05-27 00:00:00+00:00,,0.06233937623959929,0.02251610155436302,-0.013750830852812484,0.0402098887881974,0.029910043465248295,0.03353588703490642,0.022937074719612306,-0.035329729003181175,0.007508276303323316,0.006489143586793581
2022-05-28 00:00:00+00:00,,0.009682179828571634,-0.021542989985133355,0.006881446116909774,-0.04010902384816153,-0.003376269016672976,0.08781175878618871,-0.002232554588172996,0.010812404834782872,-0.028220774467100244,-0.00355816163859378
2022-05-29 00:00:00+00:00,,0.03476256448251135,0.019207344698407566,0.02784504256469526,-0.0069325145171297686,-0.002626407217772225,0.03685109347480019,0.044574050708775924,0.01047797980322824,0.07522067284852513,-0.007703902102592851
2022-05-30 00:00:00+00:00,,0.026839327202057145,0.00035748605194756703,-0.03172081498185769,0.019792522070291776,0.03575927883107456,0.05194388282314182,0.00694906463019337,0.006112562628072746,-0.005661700262663185,-0.05457389178695626
2022-05-31 00:00:00+00:00,,-0.03242513161061631,0.00012494356700774636,-0.02471950853934263,0.03162207222981031,0.022792550817555754,-0.010778876571605854,0.03335452166494269,0.0037919466305604116,-0.0015850411320083814,0.052506889191303495
2022-06-01 00:00:00+00:00,,-0.011341975561325608,-0.026827210586673714,0.035460493227195224,-0.03134389007653213,-0.08928498931972474,0.016286203909860953,-0.0034037633264767998,-0.04623343006939154,0.020154653314807546,-0.01049762135945971
2022-06-02 00:00:00+00:00,,0.023647068901963077,0.007791188226228454,0.03775340245120811,0.029383553812106063,0.048044936916571364,0.0414908635515181,0.012559417853892387,-0.03517611035236739,-0.0071767923930607614,-0.037175521071181564
2022-06-03 00:00:00+00:00,,-0.007313821281390919,-0.010949341983302417,-0.03797146505160275,0.019730589966473557,0.005814015701292527,0.012090504017220581,-0.03325421049688457,-0.010537445777774703,0.01144124862096633,0.022512311541066476
2022-06-04 00:00:00+00:00,,0.0055525715546303235,0.02053808063407573,-0.008027865982667838,-0.037286128285317036,-0.03891200240016978,-0.030914806636459173,0.008779259443550978,-0.015110521536860119,-0.02193351753330182,-0.031561081260121214
2022-06-05 00:00:00+00:00,,-9.097336687359669e-05,0.02370103697479325,-0.0013346510578461234,0.022688774349859837,0.02498029337812844,0.026622447320676406,0.03284728881633041,0.02082609260803424,-0.009374099881551677,0.007195460268265153
2022-06-06 00:00:00+00:00,,0.027729229527919143,-0.020817291068858476,-0.0028977726286380442,-0.0038114618107412063,-0.022474566467771743,-0.03172531660125179,-0.012399082780646074,0.030037240161052123,-0.022965141003528575,-0.0066649952645111525
2022-06-07 00:00:00+00:00,,-0.0435133143430722,-0.018820781981133575,0.015274872631309175,0.00518107916570033,-0.00873613837616205,0.033540662241604915,-0.04903403398892627,-0.002105951900387187,-0.04429276249912269,0.04893817163529013
2022-06-08 00:00:00+00:00,,0.034386768053772485,0.052167444480557684,0.0004892184757157303,-0.02690264059650614,0.0843456894832192,-0.00010272024385883495,0.029881655131788316,-0.019376992645746605,-0.03164548426979284,-0.026458995265992977
2022-06-09 00:00:00+00:00,,-0.015907293585349536,0.008748264813939909,0.05088226300991732,0.03113199681636906,-0.017354961864864838,0.02685395943715873,0.015849153474179534,0.020017214654738418,0.04681185650734697,0.02072722683523249
2022-06-10 00:00:00+00:00,,-0.013466823263838839,0.008332907264517112,-0.059549115948450276,-0.018058298319490965,-0.024132136738468455,-0.03742910458302075,-0.04248926678121289,-0.04191429609391057,0.04219748226208124,-0.039991833906444195
2022-06-11 00:00:00+00:00,,0.02068472986178703,-0.08282078300574072,0.04782258077974307,-0.007227109489954398,0.019917819582134164,-0.020590005121329302,0.005249127364749421,-0.020004772200092214,-0.015017683906188338,0.012133812032798902
2022-06-12 00:00:00+00:00,,-0.06322926541191475,-0.04424967547312042,0.013935892404856435,-0.004445815066667087,-0.020558742501099483,0.039870003087354756,-0.007654750231445672,0.05100728919122326,-0.03822350060679794,-0.026320011584999525
2022-06-13 00:00:00+00:00,,-0.10792664106016149,-0.08111936478255735,-0.05446139333731368,0.03129380008836278,0.027990770172732788,-0.006750601984795584,-0.011193405754565077,-0.015612325758190389,0.0011541666214602163,0.01707389278904378
2022-06-14 00:00:00+00:00,,-0.02796228210588459,0.006122064789038637,-0.0004566847946906453,-0.005872829894780456,-0.013051564478747682,0.041092819663385495,0.021084203678739415,0.01472517684503334,-0.02389711631728732,-0.017767133523998196
2022-06-15 00:00:00+00:00,,0.021702889377931262,0.024082848016423623,0.004572365611743789,0.03554713442121089,0.017138673242304375,0.008267136228950896,0.008274305004008069,0.03872730041948341,0.03012008031266614,-0.014046617197771326
2022-06-16 00:00:00+00:00,,-0.03179117750814253,-0.009651757906654155,0.0032698359455593014,-0.0120519704861027,0.025095418245552385,-0.02113184542078761,0.009171183887402479,-0.007938046756848732,-0.0023990202894997375,-0.00507976671057337
2022-06-17 00:00:00+00:00,,0.02137971368454371,0.002739874747520585,-0.14029020234985562,0.04322533082139906,-0.028967035434500896,0.01136996036534431,0.0017043730581860505,0.01308803492699186,0.0012664300798516947,0.0268365427302247
2022-06-18 00:00:00+00:00,,-0.16881664686495954,-0.05613148953236248,0.01914112451581809,0.012375111724836442,-0.016966678832505626,-0.028868463116966194,0.01038537591782557,-0.037799589100005894,0.060500126579936225,0.014687093769390131
2022-06-19 00:00:00+00:00,,0.12460361993346192,0.0060215281813017045,0.005510129230559859,0.0055477828069876445,-0.10146770708523611,0.007407576849111429,-0.01086050925315538,0.00820413590323412,0.0015867598578053494,0.01660919197780647
2022-06-20 00:00:00+00:00,,0.056786857938545196,0.048952267253827404,0.012496149399453059,-0.000781306872120037,0.06292194027297666,0.0058226392525403976,0.0449288881072397,0.02477611664219484,-0.021032490673784775,0.019023812136253662
2022-06-21 00:00:00+00:00,,-0.011139260899518512,-0.007356429187766402,-0.01376559864620326,-0.006816979985933292,0.0051092643765003115,0.011262270863607607,-0.01786567253971534,-0.010025268058034501,0.0002899223598427792,-0.04866763348620177
2022-06-22 00:00:00+00:00,,0.014803451419100978,0.05079595849371485,0.027049855811055193,0.02715639662961503,0.02202988373795108,0.023834931166196834,-0.008596980971526967,-0.02402598154569109,0.0002905057122768531,0.05167931535487644
2022-06-23 00:00:00+00:00,,0.006977059472369211,-0.0017574705117420408,0.008007566736286735,-0.017576478476548987,0.02585262468228026,-0.005523734183291795,0.05948799129762039,-0.002698466921758684,0.0012011653837503103,0.01655571900692837
2022-06-24 00:00:00+00:00,,0.016064577515013785,-0.0061283268713576405,-0.022791845831692584,-0.04147712463329453,0.030034758238399455,-0.010073651382742695,-0.026053071864711317,0.04163283341982046,-0.013499391997092047,-0.003521987319356904
2022-06-25 00:00:00+00:00,,0.008302893147152619,0.02207178004319645,0.0013437997990435662,0.01901130526203482,0.042859089749385695,-0.0161414876852435,-0.009044378038199928,-0.035334433471034495,-0.04356607043964736,0.058796440344367186
2022-06-26 00:00:00+00:00,,-0.017315143330966603,-0.012736434107408913,-0.014713516458322572,-0.06311202367340273,-0.031650294362516804,0.04639621408182907,0.004655246837313443,-0.02657608589799064,0.003944717650449569,-0.034616684761740596
2022-06-27 00:00:00+00:00,,-0.021572379732429887,-0.034198393639411885,0.05073071880987104,0.050412406629455696,-0.029223679114219324,0.04347428283270438,0.002840593361643474,0.00971965596043684,-0.025441459095291774,0.028577792784072274
