datetime,bitcoin,ethereum,tether,ripple,solana,cardano,avalanche,stellar,monero
2021-06-06 00:00:00+00:00,0.014648225272769416,0.09399881007075553,0.06361538349379577,0.14917882324142923,-0.01298065559537812,-0.06529900355116011,0.0,0.05141255272528702,0.06132223631495076
2021-06-07 00:00:00+00:00,-0.030676213307506132,0.013031382143342742,0.006908258501754003,0.01044965449143426,-0.05496770485261168,0.03960239905837969,0.02027381604827259,-0.004728583896390601,-0.012020521206158692
2021-06-08 00:00:00+00:00,0.02906637932753889,-0.006367041310528209,0.027424402420822242,0.021979575537565185,0.064649653863271,-0.0010133021829517768,1.850371707708594e-17,-0.01665122800802687,-0.017284977576155356
2021-06-09 00:00:00+00:00,0.00460600663714164,-0.024055306384839895,0.0008688184884090623,0.012149313192306986,0.0038681231393453636,-0.04659864595820266,-0.0010500696892977108,-0.016303548221981594,-0.012103072956898121
2021-06-10 00:00:00+00:00,-0.009449901895522679,-0.0663989723759513,-0.014762288339651822,-0.026059149327794524,-0.04546428270407445,-0.0012647620228534993,0.007620453343232196,0.07570254877930081,0.019311679509417416
2021-06-11 00:00:00+00:00,0.0007622131747047845,0.018909538104407445,-0.007094638608226803,-0.06849762524594277,0.03200318502972877,0.0391582230634233,-0.02358568152409109,0.05958999133220381,-2.640634624542473e-17
2021-06-12 00:00:00+00:00,-0.01661590034334856,-0.02749449656112192,0.03415693170788214,-0.0033233659222022846,0.006146677074868742,0.014626992433102575,0.02012308547867646,-0.017944690376109948,0.013010353965765062
2021-06-13 00:00:00+00:00,0.02980997371558389,0.038781983364000766,0.013149042499930003,-0.013159828479064755,-0.03197126867490412,-0.00863957449842339,-0.0002987579439823569,0.03588272813295951,-0.016007764765753423
2021-06-14 00:00:00+00:00,-0.01830317870241234,-0.02194048487018692,0.024955715822897188,-0.05508646593620682,-0.03632729949736131,-0.06890553827642193,0.00897540892832223,0.010667473598103838,0.015240906686464353
2021-06-15 00:00:00+00:00,0.03318085401719086,0.08932336333573782,0.07324196203849573,0.013789603663436413,-0.019676294073624066,0.05974162848195742,0.0,-0.002283125404019887,-0.041588830936501925
2021-06-16 00:00:00+00:00,-0.051554073296875357,-0.01312992496896185,-0.08271368834625503,0.012035347562407908,-0.05342619764545124,-0.045418975499530286,0.0,0.0693808829226948,-0.002363133322426758
2021-06-17 00:00:00+00:00,-0.014646615216108475,-0.021976174588076915,-0.007202867751886184,-0.01654516880561625,0.019589067901552733,0.00674257959628502,0.0,-0.0440187679816461,-0.008573484354885459
2021-06-18 00:00:00+00:00,-0.012115461593576318,0.005685274833691283,0.01179485757340431,-0.0011328523019577031,-0.024492571370770076,-0.000584250973422888,0.03711650999750402,-0.0013194164618639337,0.007819425931051437
2021-06-19 00:00:00+00:00,-0.009461539105913568,0.01683771382531205,0.02342208800668899,-0.0014468538850021023,-0.02710222284541403,-0.006891981208657752,-0.033967342706431466,0.00011431860086338125,0.006149380518774199
2021-06-20 00:00:00+00:00,0.017600476613814958,0.019240515843867826,-0.05526030541941261,0.017537379884723703,0.020460503681969985,0.020486015756558323,0.013008149764337555,0.019596543146672703,0.005372158628628115
2021-06-21 00:00:00+00:00,-0.02858772787592974,0.0029572856105078353,0.045254183873577596,-0.013147699225362361,0.022808181142486377,-0.02449898426608442,1.2528558437610274e-17,-0.03738876653528701,0.0031022948655531164
2021-06-22 00:00:00+00:00,-0.034794667594343034,0.009451886325820301,0.005136201347597814,0.008858130347902983,0.005946680099818639,0.036349422580651394,-3.854941057726238e-18,-0.006416250100078156,-0.021165196297207152
2021-06-23 00:00:00+00:00,0.006123064479639795,-0.022985145465455728,-0.012495481884189984,-0.029578155055456055,0.008098414764071178,0.023555612205934204,0.024654407875162918,-0.007915476983001298,0.02709905629914298
2021-06-24 00:00:00+00:00,0.009634453778410865,0.0337455266761932,0.03676935667635802,0.0011392135544189806,2.1856766318699254e-05,-0.029975757294337095,-0.0634543465464208,0.028881740879530476,-0.021743158764622482
2021-06-25 00:00:00+00:00,0.02824705573070345,-0.0004896400531486933,-0.02698712736213335,0.010145514663299805,0.02118443400576199,-0.05315297571503866,0.04005431890614803,-0.009788447850775588,-0.020620050222863597
2021-06-26 00:00:00+00:00,-0.018578582633740782,0.011682728593351895,0.06176961290074076,0.02932267642508108,0.08715741828471157,0.030861758471570133,1.734723475976807e-18,0.005827405497765697,0.02062005022286359
2021-06-27 00:00:00+00:00,-0.014536239453537813,-0.023673975004296136,-0.006478482524110276,0.03384003873486698,-0.02721911795778092,0.032622689644817786,-2.332239339924374e-17,-0.02335509115447547,3.0839528461809902e-18
2021-06-28 00:00:00+00:00,0.02438446428546034,0.008082572820892635,-0.01926198862842823,-0.05357922871255036,0.0192653786565793,0.02300475418099702,0.0,-0.006472719469491118,-0.01211666783816908
2021-06-29 00:00:00+00:00,0.0013676386932243692,0.010923094952103616,-0.018052515347686832,-0.06168162857682821,-0.011902400509105663,0.012312301715369726,-2.4864369822334236e-17,1.214306433183765e-17,-0.0019631253348358934
2021-06-30 00:00:00+00:00,-0.0009629275227432453,0.035030054423504695,0.012746155973168744,-0.028758791536106873,0.010134497632142194,-0.004847964430353408,-2.4382502190118455e-17,-0.02071757785972554,0.0
2021-07-01 00:00:00+00:00,-0.006861173978830779,-0.07534052853400072,-0.02793583441425977,-0.08795959108544155,0.025935093639201642,-0.02513335997649631,-0.0003288715765799507,0.023309621991062977,0.0035860956909327976
2021-07-02 00:00:00+00:00,-0.002567163624985423,-0.0016966175144828963,0.008759050966748847,-0.013103987411870625,0.0046407956535972975,-0.03732596510140336,-0.01222110361576269,-0.001333518126132,-0.0035860956909327924
2021-07-03 00:00:00+00:00,0.008384051403400497,0.021704389544628548,-0.04264035010835539,0.04293204064211145,-0.03907230874449266,0.06069073086052193,0.012182975855394185,-0.00021557191120859665,-1.7732728865540693e-17
2021-07-04 00:00:00+00:00,-0.06567447974017683,-0.014838162818786003,0.03816409973595891,0.025290121462747207,0.05575336861909322,0.009812307776324691,0.0,0.0016711888887241168,5.975158639475669e-18
2021-07-05 00:00:00+00:00,0.02171546261361261,0.04688710539492016,-0.03820931220661836,-0.02793661036337603,-0.020726038103934804,-0.006913740070832496,0.0,-0.012302971178855057,0.014682900600890234
2021-07-06 00:00:00+00:00,0.002257076766020735,-0.017573638259028156,0.042687578665832,-0.035694437889320384,-0.009779066636484533,0.007589124649129598,-0.0051759047870461,0.008110678214127122,-0.006028119789513617
2021-07-07 00:00:00+00:00,-0.03839717155200323,0.016091445753693995,-0.01294460508719178,0.015261621532735054,0.052720608104602495,0.00978545200043049,-0.003926435358536369,0.01929059481992241,-0.006556174540402511
2021-07-08 00:00:00+00:00,0.01518180836836299,0.027025404242844504,-0.026201134420218264,0.0015531388822245717,0.016677012953208056,-0.009778372011354366,0.0,-0.002689571768199606,0.014830925065487851
2021-07-09 00:00:00+00:00,-0.009739304578646638,-0.006057521107079716,-0.03220612587681505,-0.012286191549957085,-0.010736629081940586,0.01105346812714441,-0.00032113930336136485,-0.0035860956909328006,1.065153480288371e-05
2021-07-10 00:00:00+00:00,-0.022563009941116388,0.015159223724136599,0.0019772681213753355,0.021113639238972762,0.017514576580076147,0.0139024528529351,0.03136522892910851,0.0067835845551864355,0.0
2021-07-11 00:00:00+00:00,0.0283692885307431,0.010204622397938986,0.02674638692681057,-0.010738088898286929,-0.031318051010562904,-0.047356106288152094,-0.01395697112063955,-0.016509253379041394,-7.902629168338788e-18
2021-07-12 00:00:00+00:00,-0.00867083162925843,-0.026169104809333064,-0.060860911755648436,-0.026327068740704625,0.009772678055482799,0.02038095716220217,-0.013993189057236748,-0.014327163659173834,-1.522701717801864e-17
2021-07-13 00:00:00+00:00,-0.015254818490694069,0.004011109486308994,0.002048283048967878,0.0324352859361138,0.012716617624480578,0.030982917245740243,-0.02243358366124028,0.035159944964106675,-1.831097002419963e-17
2021-07-14 00:00:00+00:00,0.03306079617014931,-0.04389488862679367,-0.03504495385334248,0.0002936273774089382,-0.037375839660663955,-0.020200154404723482,2.7755575615628914e-17,-0.037417238971609375,0.0
2021-07-15 00:00:00+00:00,-0.04120725522035534,-0.038021969833837654,-0.04115946288516702,0.010956221314679852,0.005231771660508709,-0.002365856113086402,-1.8696464129972256e-17,0.0007268310009310501,-0.02201093346309981
2021-07-16 00:00:00+00:00,-0.02537569760082832,0.030048518609662424,0.02966430535501762,0.019783323565638555,-0.02476266067263073,0.01697593574026905,0.026105557085354083,-0.008310170553659272,0.016143475083729555
2021-07-17 00:00:00+00:00,0.014449449906341474,0.003732789390628826,0.006803588478680674,0.009662676010591831,0.009660634002397799,-0.00911353876069976,1.3685040754928146e-17,-0.01235922785548705,0.019275264338763764
2021-07-18 00:00:00+00:00,0.04731395690572259,-0.005559964416389082,0.011531037037117522,0.026741467541414002,-0.007466602564967822,0.01608825190218303,0.0,0.0014473263293231136,-0.01568916864783098
2021-07-19 00:00:00+00:00,-0.06625628831134396,-0.014635355596832952,-0.0024085924718226753,-0.012205968370539779,0.01981613650375441,-0.0026662752991100714,0.0,-3.430897541376352e-17,-0.002728211919323927
2021-07-20 00:00:00+00:00,0.037992337940627945,0.006275989287477234,0.007645225484310448,0.004029871299895461,0.022540186326859217,0.01343354051781183,-0.01612049938183259,5.975158639475669e-18,0.0
2021-07-21 00:00:00+00:00,0.027706597603439898,-0.06265210602643825,0.021429340600635574,-0.005617661050647769,0.0482951239291137,-0.01765967611682432,1.1564823173178714e-17,0.0,-4.336808689942018e-17
2021-07-22 00:00:00+00:00,-0.021212793799897475,0.07023983828545875,-0.007547594100760318,0.0092568097740375,-0.048771118400310946,-0.024093902064148034,0.0033471937226470815,0.03942621028699383,0.0
2021-07-23 00:00:00+00:00,0.05244045394332933,-0.0008500455193191595,-0.00412384378602373,-0.006519341462478551,-0.011212348442722713,0.012946065607088322,-0.004034357652299419,-0.00025475610606667635,0.0
2021-07-24 00:00:00+00:00,-0.017694938905740445,-0.02318668260505424,0.037866255410296056,0.03587713611455145,-0.059125874131554235,-0.03746513764625276,0.0,-0.01361924603873001,-2.1780416976153244e-17
2021-07-25 00:00:00+00:00,0.02460406075624587,0.0015068282092379332,-0.015824813931440147,-0.0037429471903352054,-0.00891931349252748,-0.0022050082105042387,0.006365517074784827,9.444605591429283e-18,-0.00024568621104187663
2021-07-26 00:00:00+00:00,-0.037926414408671554,-0.04550195826800053,-0.02662742329885468,-0.019801693596001035,0.0031516069619736756,0.01569348820956836,3.874215763014869e-17,-0.031988318457951026,-1.0986582014519778e-17
2021-07-27 00:00:00+00:00,-0.009397162900655414,0.010947885421563667,0.011761603900519061,0.039606226337165526,0.019299946189622306,0.002453906512344421,-1.4648776019359705e-17,-0.011803026525445523,0.007083324791183648
2021-07-28 00:00:00+00:00,0.004856657337205563,0.0027293574751201108,-0.04645113834175116,0.06553555702061066,0.05415698529469118,-0.040287793788167374,0.0059711031827116715,0.01501365413877019,0.0013447858840997956
2021-07-29 00:00:00+00:00,0.015995528000324253,0.04543711076489865,0.037757381649559454,0.006007411180192978,-0.022713441929838832,0.02168968043067345,4.433182216385173e-18,0.019860799245420474,7.517135062566164e-18
2021-07-30 00:00:00+00:00,0.013595787829220348,-0.004859120895793987,-0.027503824899833038,0.05949511855957138,-0.02807080102262166,-0.038098725960813234,1.696174065399545e-17,0.04675095747532433,0.0
2021-07-31 00:00:00+00:00,-0.01750285834715904,0.014767122932328708,0.03677607158544707,0.01910308212927124,0.025978118022355317,0.019560094381167552,-0.04960654051985718,0.010238384045811405,0.008081865233035161
2021-08-01 00:00:00+00:00,-0.0037077727625699584,-0.019287720269655986,0.00863907083740774,0.017363111350165276,-0.02102571620386884,0.015329396532864878,0.05120857859050646,0.020100769638732238,-0.002997513315519761
2021-08-02 00:00:00+00:00,-0.021697689358174836,0.0007393917840948118,0.0032886901339773547,-0.045405153445500696,0.022597815384876818,-0.005957305386672284,-0.020792426831071013,0.041217890558108414,0.06245738088558314
2021-08-03 00:00:00+00:00,0.011120946807288264,0.012163209295236382,-0.02708071491507194,-0.02658895470345689,-0.007771855405602607,-0.0204477151150753,-0.020200923265468886,-0.008792875064479214,-0.007587975855554273
2021-08-04 00:00:00+00:00,-0.02133922610364987,-0.06847569465024374,-0.02052304545352571,0.018376552241040973,-0.003800704485752924,0.030576945854845456,0.015510097795881075,0.03071303799157398,-0.013432714386460494
2021-08-05 00:00:00+00:00,0.002883367316192738,-0.0037123102382806824,-0.019285810657454786,-0.034291200822466436,-0.007368757211823955,0.023085703401683078,-0.018906072494634482,-0.010007121947985816,0.00389738522182739
2021-08-06 00:00:00+00:00,0.05310318840058902,0.037320977126582035,-0.010246940561222854,-0.09412823431137392,0.037002790820734474,-0.015520879706962282,-0.023796225904430212,-0.02903606839292755,0.01645047987109751
2021-08-07 00:00:00+00:00,0.003966517473249586,-0.006135298193038622,-0.010702177060395704,0.007951772516053578,0.017661635975808325,-0.033958713859068394,-0.014147928040449386,0.019629914257478544,-0.014551413920139042
2021-08-08 00:00:00+00:00,0.0015542002298988898,-0.02405973187586828,-0.03960518720595843,0.020896678486775733,-0.022893363476791623,0.04055864211678469,0.02330389331479204,-0.011357715765405528,-0.0014143398842613153
2021-08-09 00:00:00+00:00,-0.029509778219338492,-0.032945292193311326,0.012823433292691037,-0.0526898887430361,0.017456779146333378,-0.044516881313405726,-0.004413810531369147,-0.0008271800020495329,-0.0029680287362207017
2021-08-10 00:00:00+00:00,-0.0035583002672310293,-0.04035019812091325,-0.05987585590965497,0.0397784279404785,0.03153853203018771,0.037920465841379675,0.017754769152038496,-0.012267391298865811,0.03705376214196028
2021-08-11 00:00:00+00:00,-0.014911623746182372,0.01126006888647963,-0.02127601464614835,-0.037038538332034826,-0.05872083887394113,0.0010564870473789404,0.01686847915080132,-0.011015814118673356,-1.2528558437610274e-17
2021-08-12 00:00:00+00:00,0.05278461792745229,-0.00660740804505483,-0.0226864791692669,-0.01990805883410578,0.05823113884751452,-0.029131202602505284,0.004529779521432364,0.018718138992330508,0.0072390681367984705
2021-08-13 00:00:00+00:00,-0.006559480935894511,0.030588545490586663,-0.02904820947661984,-0.033789119577114425,0.007050701751554232,0.017739090183903152,0.005753853729744593,-0.026523238264311386,-0.022824164841151948
2021-08-14 00:00:00+00:00,-0.024934931998232657,-0.04362687016097652,0.0016722413812346034,-0.03156644344616191,0.024100295529620296,-0.06542875484374663,0.047282541658912075,0.010966637825582645,0.007620453343232289
2021-08-15 00:00:00+00:00,-0.000631471985936507,0.025886663550680724,0.007120804700735581,-0.026516903518838023,-0.004917717358689946,0.022561652264608874,0.02375788395242878,-0.0015447262017535604,-0.007620453343232269
2021-08-16 00:00:00+00:00,0.0026732975971066465,0.023142513602058015,0.008706815971965669,0.06970509696677457,0.038489161526926996,0.01634074867007017,-0.012274786181170928,0.004671542209179397,1.850371707708594e-17
2021-08-17 00:00:00+00:00,-0.0021419628459911125,-0.016493801334855535,-0.030008069458675783,-0.03580191292011113,-0.021352770404510633,-0.010884821119553542,-0.004022161569882128,0.00883026932662511,5.975158639475669e-18
2021-08-18 00:00:00+00:00,0.018337376587600877,0.04988602633921107,-0.021925268361935826,-0.03147929429000479,0.04538807293754897,0.00963206249520483,-0.03807493714579354,0.01073571219789644,-0.0026209211152664357
2021-08-19 00:00:00+00:00,0.027921614190366553,-0.004359640593672274,-0.01099788264450418,-0.007774433105173475,-0.02152876854176433,0.018269006247534008,0.04247481621780637,0.02513840812522166,-0.004407091556334408
2021-08-20 00:00:00+00:00,-0.019789403524134448,-0.02404842782591702,-0.06346156972906809,-0.037769446626302536,-0.004314254025036853,-0.005395412336802841,0.035512080068285934,-0.02786539984068939,0.014885024341472661
2021-08-21 00:00:00+00:00,0.008945985547887857,-0.005978123530372196,-0.03275556495020408,0.016693177688445835,-0.018725496964892816,-0.018484126472031896,-0.03481096538786585,0.020064039135907884,0.011401623068812126
2021-08-22 00:00:00+00:00,-0.027566934490277122,-0.009143018310115063,0.03224315947054871,-0.010151575538821893,0.059035444343314175,-0.017234752172778547,0.01216470003179668,-0.025512204871988096,-0.02009012375026824
2021-08-23 00:00:00+00:00,-0.005187422566868528,-0.009599079782276386,0.04520064955363603,-0.054993260697140695,0.025409750160293166,-0.05831762355238611,-0.03093045645423827,-0.01908393383828895,0.019491005025118264
2021-08-24 00:00:00+00:00,0.035861924519711916,0.04113084078579557,-0.04222387991588182,0.030695138699581324,0.0029874294542777172,0.043902947831882894,0.034033944608378046,0.03978272575533232,0.0031711958491189613
2021-08-25 00:00:00+00:00,0.010937122052425634,0.010179707171641949,0.023864760707152967,-0.04870323021209555,-0.0009714645321120895,0.004142914000464789,-0.01805936867348265,0.02671731887267421,0.01722138994451945
2021-08-26 00:00:00+00:00,0.006877910730228304,-0.017540039201705528,-0.029978325644797646,0.01211774624472916,-0.003642077045850209,-0.012351203875360088,-0.01619860016125146,0.007069696297953783,0.02416193175631429
2021-08-27 00:00:00+00:00,-0.03188478698032939,-0.012933497102863652,0.008976677565250637,-0.005154782651160452,0.02839691784427081,0.02534996425016519,-0.006636936292129774,0.013836850374613047,-0.004930881575032667
2021-08-28 00:00:00+00:00,0.013888194401225478,0.05615623290613075,0.020645010945025216,0.017098019334883516,0.051752839722164275,-0.0183799926539408,0.04691061978494526,-0.009442285885194326,-0.008516977265965479
2021-08-29 00:00:00+00:00,0.030253293992403674,-0.0034052227856787337,0.018514080859651116,0.008884204680207132,-0.012634038271102148,0.02286091287874771,-0.11061612800675572,0.015002253110352616,-0.008701476355146877
2021-08-30 00:00:00+00:00,-0.03487837590531332,0.060006691262107864,-0.030414381655751985,-0.0016636332684112436,0.04605644277636281,-0.020272974650182032,0.041707145115978,-0.008562129014559692,0.018826671262717778
2021-08-31 00:00:00+00:00,0.017849630962052714,-0.0018897172493029509,0.01728300298386193,-0.017969167523330325,-0.018180307063405423,0.022821330607788397,0.034678564447745926,0.024233372422558176,0.006071194800909594
2021-09-01 00:00:00+00:00,-0.0052426506179673255,-0.004623320939804093,-0.005662597274055849,0.013311670623740014,-0.007087069203127453,-0.04409118877934294,-0.025221817257324523,0.01524361638474073,-0.023776821198160436
2021-09-02 00:00:00+00:00,-0.0276421063135443,-0.03482513417162891,-0.029203933214150393,-0.03244848060766669,0.023328060973576745,-0.032801988239500784,-0.00021655869363998022,0.01214947511011818,-0.006083297656212981
2021-09-03 00:00:00+00:00,0.012266560363426798,-0.013174838340642953,0.050198529402017855,-0.006703267368942027,0.009826100639252855,0.043103329319617495,-0.0339421480727895,0.031038864433249196,0.013911643299963463
2021-09-04 00:00:00+00:00,0.010175264680657119,-0.01869633931964,0.0009266911616284602,0.005545945975627676,-0.02149696513118178,-0.01799229119435241,0.05070372497708133,-0.056132223141502804,-0.010915465052026764
2021-09-05 00:00:00+00:00,0.01864169228409072,-0.009207906206114712,-0.022199668633447064,0.0030969489672950895,0.030323727275593532,-0.012080558192528526,-0.005511593733833423,0.024963310341893426,-0.018827002377397168
2021-09-06 00:00:00+00:00,-0.07852627969008014,0.024413118316946328,-0.017589601940104102,-0.04926365225970173,0.05655860982459122,-0.013930494952095224,-0.009320831894932997,0.029868340683935204,0.013683741459101978
2021-09-07 00:00:00+00:00,-0.017304158157506105,0.029734243704089353,-0.031789228805288575,0.04723729149925873,0.0178046880683177,0.009642066976803278,0.08157246106437421,-0.04701887257824449,0.0133328401718323
2021-09-08 00:00:00+00:00,0.02226685357118146,-0.054146712437310875,0.017374547715852715,-0.01407547709306235,0.02943333714318915,0.014983453560153674,-0.02107283988719082,0.0274907618323465,-0.015909919680028112
2021-09-09 00:00:00+00:00,0.0493264509135984,0.015052510217800706,0.0124220343820391,-0.011403678791308646,-0.022101413675964836,0.011614630895614722,0.0733341434102523,-0.019226739043392747,0.018184381893245765
2021-09-10 00:00:00+00:00,-0.08631891341363768,-0.00532005089100748,0.07909961202724355,-0.0226372725666577,-0.003833813994923665,0.009963456696601751,-0.005452464865030617,0.01084607148032405,-1.5419764230904953e-17
2021-09-11 00:00:00+00:00,-0.00718945352305159,-0.010206932632405425,-0.08632871941561822,-0.028054498926797775,-0.0044746384673145095,-0.025995406028124956,0.03513717509280513,-0.01320504070697246,-2.0045693500176437e-17
2021-09-12 00:00:00+00:00,0.019321457585687977,-0.022622699756354274,0.052071678372175724,-0.061030304591083745,-0.004005552022603839,-0.041374824644817024,-0.0196084245708099,0.007373912411701122,-0.007623353165549516
2021-09-13 00:00:00+00:00,-0.007029368880644895,0.029891513542308498,0.033505055330615326,0.025506242591047598,0.02242302843738144,0.027748067227520278,-0.02944482784547212,-0.013471972450447433,0.023147638996395922
2021-09-14 00:00:00+00:00,-0.002952055650273702,-0.0690932070175782,0.043495069082037305,0.051139406786247774,-0.19472277524787004,-0.05128168947465189,0.048708319876233135,0.004008049186860057,0.03023040383833422
2021-09-15 00:00:00+00:00,0.038071819763722696,-0.031161230566658833,-0.059674067786797194,-0.03313365327229119,0.09695031520624431,0.04864139351634416,-0.014968039981617859,0.016167862106790797,-0.028733307574858567
2021-09-16 00:00:00+00:00,0.012748365043824919,0.007519412385429096,0.02424135442674817,0.0033716474294576177,0.010802946086876734,-0.04467455038088239,0.09493920767890474,-0.01579366910859176,-0.0017930478454663403
2021-09-17 00:00:00+00:00,-0.015405537168506407,0.048399267467758016,0.0022361030716163306,-0.013544501799733648,-0.017782921523679163,-0.02493710903046535,-0.05423138634733568,-0.013325983588349603,0.0017930478454663804
2021-09-18 00:00:00+00:00,0.04141721874724244,-0.03537546837144062,0.010981341508946935,0.044905497681376326,0.0047335061197885525,0.0583373086398469,0.04960536656586936,0.013363566949821201,-7.709882115452476e-18
2021-09-19 00:00:00+00:00,-0.005481329670724683,0.022479272351788634,0.015949316167764918,-0.01330875078207761,-0.016599259989580135,-0.003178727721177669,0.014354227310126819,0.015581252531692026,-0.0029391634576379677
2021-09-20 00:00:00+00:00,-0.06727816830725429,-0.02066377849064114,0.010859401698345823,0.027717605700438894,-0.020701501886908384,0.023752470582243734,-0.05598800325303045,-0.006287853657074926,0.0398577943440855
2021-09-21 00:00:00+00:00,-0.008744831200978166,-0.0064252929875421565,0.013070272478485877,-0.027547920535552006,-0.054172695813759414,-0.03295171918136966,0.07358382144113977,0.001191680396589457,0.026447455720629398
2021-09-22 00:00:00+00:00,0.05031210648839604,0.07401337425654496,-0.005976257388707471,-0.018858722853441586,-0.024587406844487358,0.01375882484285654,-0.04654457132110328,-0.007228523198808395,-0.005010577620035341
2021-09-23 00:00:00+00:00,0.016311363695873757,-0.03604829922666816,-0.0027993249019458,-0.004746433921297704,0.021134706679455547,0.025481463117546746,-0.01611224550755405,0.015442995323254867,-0.03435971902694985
2021-09-24 00:00:00+00:00,0.0017046253842746505,0.01717920102952775,0.026239282348380178,0.022952914993402598,-0.002335384770646077,-0.02602520824503082,0.03154235092432871,4.0091387000352874e-17,-0.00814478784777943
2021-09-25 00:00:00+00:00,0.04501171883940191,0.0036383484575211226,-0.030154769748829507,0.005663898893152923,0.05686167126546239,0.011160556778323191,0.07325556856751561,-0.009450520335394362,1.734723475976807e-18
2021-09-26 00:00:00+00:00,-0.028377675949268537,-0.004632111483593813,-0.021061037306038578,-0.0022086344930969553,-0.020566769941315132,0.005260060093759634,0.010999551074035425,-0.005358560445228967,-0.017329934573763084
2021-09-27 00:00:00+00:00,-0.03640741712376668,0.0031578244787426727,0.047281641412142285,-0.0028111708058402313,-0.014011488029697677,-0.03700082361770714,0.0056334090252672464,-0.02755267661512873,0.008054402844536563
2021-09-28 00:00:00+00:00,-0.011000114834516753,-0.015599254271099622,-0.005699654577438522,-0.0008915491736697764,0.024330232334422917,-0.0462634806255796,0.0032757527150401745,-0.007373693931149826,3.39234813079909e-17
2021-09-29 00:00:00+00:00,0.007281420142033385,0.023005751757087925,-0.030240178136466414,-0.003395811387446916,0.0054535057955017695,0.06349899801633342,-0.0038749469318055344,0.018366671019788828,-1.4456028966473393e-17
2021-09-30 00:00:00+00:00,0.006320581243806562,-0.013462782215684746,0.0069174091488530525,0.01380000386082035,-0.010316037207570457,0.042298484191840846,0.018247469376521733,0.015138343170702518,0.01688985618172908
2021-10-01 00:00:00+00:00,-0.08963810553592041,0.01463606394888747,0.006715097024419017,0.012607384073885532,-0.0024913661718209035,-0.020270728264939863,-0.008905379438851004,-0.03227217529048828,0.0
2021-10-02 00:00:00+00:00,-0.03466164658999212,0.008129325679946807,0.019637462225663368,0.029442603421604614,0.017700979682282868,-0.002359776272798252,-0.04248581281324071,0.04132694052111381,0.0
2021-10-03 00:00:00+00:00,0.08005467301907143,0.001807052732987314,-0.010097110069225783,-0.044871324024826624,-0.0022692215805764993,-0.005987839903140768,0.013704821988802622,-0.0021158353266489288,-1.3106799596269209e-17
2021-10-04 00:00:00+00:00,-0.004224433518327235,-0.015686264227054398,0.0325976674774638,0.019901814865812644,-0.013562622237226393,-0.007856302345116174,0.025816916217015946,-0.008325506735507436,0.0
2021-10-05 00:00:00+00:00,0.011485229894068853,0.018630120377856562,-0.021386065669802015,-0.014270978678646564,-0.009495385786460158,0.005344562718695652,0.00730312025691872,0.021068312184229762,-0.0017930478454663765
2021-10-06 00:00:00+00:00,-0.004355945378505286,-0.021890508225297745,0.014307313396358372,-0.0139784675652727,-0.015459473168421632,-0.0434341652096423,-0.0079933055656019,-0.009787053246511362,0.021518349915291574
2021-10-07 00:00:00+00:00,-0.00914535829753416,0.02921109964949507,0.04141092778091821,-0.02190723419592048,-0.045550522942963606,0.035421616971755665,-0.0017197026936507662,0.002948551601306258,-0.008965239227332
2021-10-08 00:00:00+00:00,-0.02475770319625328,0.018944173342838558,-0.020152668506817892,-0.03167543430211255,0.031032039566342522,0.03963801718853594,-0.023114743698940256,-0.01263660791028403,-0.006324629435279917
2021-10-09 00:00:00+00:00,0.0009881921037608692,-0.015599257225593533,-0.01610182331553707,0.019459311611399716,0.006143014827755295,-0.012753195941549866,0.043002171566037944,-0.0220716809608375,-0.0336403179884175
2021-10-10 00:00:00+00:00,-0.019894844787029867,0.02170250908454401,0.04724020135923725,0.018553794288223867,-0.005838961280515201,-0.003373328908730981,-4.583588561216795e-05,-0.0037855923423013335,0.031192603364854205
2021-10-11 00:00:00+00:00,0.050269322611095714,0.03588620503125267,-0.009385550231733798,0.014907386654379759,0.05634644170502123,0.019464025445276423,0.04095456525593912,0.007899903881945992,0.005025025673702507
2021-10-12 00:00:00+00:00,-0.0044592348738934735,-0.02632491824001553,0.03516054171899109,-0.024702004734006258,-0.002325204710360506,0.0028936063790267574,0.019539102005025927,-0.003945013506846681,0.014576957685800557
2021-10-13 00:00:00+00:00,-0.009211675213589142,0.004573855134504267,-0.02395637217747544,0.07089866035212829,-0.006288715473715349,0.003141262980105683,-0.005259792109360877,-0.003450628495076148,-0.00604329725084121
2021-10-14 00:00:00+00:00,-0.012580489716606948,0.003970556419310438,0.015249858316862113,-0.01141318159503512,0.015300637520569281,0.010581647372578714,-0.026025271658099963,0.00016040409726335251,-2.1009428764607996e-17
2021-10-15 00:00:00+00:00,0.02365537625436474,-0.02112165113527216,-0.014319803083967445,0.04212297070923036,0.03001337236787844,-0.03324120391116346,-0.0006468309818402317,-0.008133550784979002,-0.0010201231890814056
2021-10-16 00:00:00+00:00,0.044179259368962234,0.04474095473691714,0.0015393443561518535,-0.03897321643275967,-0.04648314688878678,-0.01613954287828334,0.04953027482414712,0.010751370809307563,-0.012911862315400658
2021-10-17 00:00:00+00:00,-0.07194129747164765,-0.0690046358825338,-0.008265327246913522,-0.03749874897906139,0.003155394296484658,0.024765420032157714,-0.04342252678730721,0.007623409514750066,0.0026895717681994814
2021-10-18 00:00:00+00:00,0.02924197352202424,0.020190319337310907,-0.008736396422084184,0.041033252124958425,-0.010821270309286929,-0.00887837909070923,0.03182327459011109,0.02357531262842935,0.020354737640840965
2021-10-19 00:00:00+00:00,0.04076484692337176,-0.005061706622856196,0.01185421187914828,-0.013084830901280941,0.01233100784019308,0.0020283772390445893,0.013525869622297508,-0.025126952068847123,-0.006841080646078594
2021-10-20 00:00:00+00:00,-0.005827152474363314,-0.0013920654447565743,0.03460385038054287,0.019577933565446685,0.09144754188571554,0.0007107782006174828,-0.03264256080043924,-0.046627349606318036,0.005574371983301193
2021-10-21 00:00:00+00:00,-0.009923752320193557,0.00504843519216443,-0.021515013068161025,-0.035229015431503904,-0.07328588600162891,0.040712153473593395,0.03502122345112897,0.021292713902957026,0.004034357652299328
2021-10-22 00:00:00+00:00,-0.03176752027243398,0.009218995401336184,-0.008963232994410784,0.03077733555171598,0.039369499393063355,0.021592441491972196,-0.01086687486354893,-0.02825353689259637,-7.709882115452476e-19
2021-10-23 00:00:00+00:00,-0.014428631730069058,0.028890485736368415,0.03781945571215604,0.0014663026135289014,-0.03656482231995334,0.023175600983635,-0.030566461855731128,0.06998484624717664,9.444605591429283e-18
2021-10-24 00:00:00+00:00,0.0174680497433652,-0.030352747455425193,0.01848675215055887,0.055269976414432716,0.044085219535147914,-0.01639351671448967,0.05265858558314551,-0.0156882170806515,0.020727165081335607
2021-10-25 00:00:00+00:00,-0.012751765283685752,-0.0030127699117754713,-0.021252877232491113,-0.016057247802654988,-0.027337306782124676,0.0185808937134555,-0.03534072390939154,0.02403675815283184,-0.006720255397234304
2021-10-26 00:00:00+00:00,-0.08398926470627593,0.005690104704306886,-0.059575665561458185,0.03807426481439568,0.0022735048792302745,0.0174291705457216,0.025409900390913003,-0.006275667459132356,-0.008068715304598663
2021-10-27 00:00:00+00:00,-0.04873573824660447,-0.006921170796096542,-0.08639823428030792,-0.07144619957505073,0.05385279656299418,0.0011840825232126264,0.0037313266168522746,0.026904794618071496,0.00806871530459864
2021-10-28 00:00:00+00:00,0.014443587200875737,-0.019256744881750814,0.025583736822020055,0.048875675093469434,-0.00974268468745127,0.033726516039581884,0.013027377618434106,0.008672799760031664,-1.850371707708594e-17
2021-10-29 00:00:00+00:00,-0.012468920967819411,-0.014587057265623656,-0.03214974788517236,-0.010742412507106955,0.002652114423244008,-0.022681273301004334,0.008191152016749635,-9.2747244063399e-05,-0.013529457951140042
2021-10-30 00:00:00+00:00,0.013551100527607217,-0.011063174277484844,-0.03156181476046006,0.02850892148830329,0.03223665553740255,0.0642221267867256,-0.014361569549657636,-0.024486083898979005,1.522701717801864e-17
2021-10-31 00:00:00+00:00,0.016768907290756748,0.03924944526473645,0.007651000128750736,-0.020454103377100973,-0.01393390548128989,-0.007437882839712899,0.007890669169250932,0.03404271472181156,0.015403405827876783
2021-11-01 00:00:00+00:00,-0.041237751264120937,0.004919083582029149,-0.03986494554931825,0.012738070061583086,0.03239729469869794,0.02601641081084978,-0.023810433156482565,-0.007069683156977637,-0.011040713743330679
2021-11-02 00:00:00+00:00,-0.019046974447019107,-0.021674919325822686,0.0473490996445801,-0.03169318899945009,0.053929882021264454,0.036881340349124755,0.04144065530639465,-0.0010182091066962046,0.0
2021-11-03 00:00:00+00:00,0.062050701324442,0.016438806679010442,0.0038686759688563465,0.03307552517202558,0.025540522552205243,-0.013173788117000401,0.0024060267291138838,-0.011488640629453026,0.0010029942108754483
2021-11-04 00:00:00+00:00,-0.05293994296442025,0.03478741363892073,0.03862733836532305,-0.03474839118708547,0.06905594597101111,-0.02512596618613878,-0.007150651685151636,0.025443375992971185,-3.662194004839926e-18
2021-11-05 00:00:00+00:00,-0.0418789278068824,0.013162343830284001,-0.03262263183716454,-0.02290299687724319,0.0016194425964042318,0.0595020998469376,-0.030168238794063766,-0.018603084347760583,2.1780416976153244e-17
2021-11-06 00:00:00+00:00,0.015429804494955797,-0.011538483701638244,-0.003949897032909503,-0.04667476359237134,-0.05325083540230199,-0.01678884591025865,-0.050481309407544715,-0.03375508663828378,0.019752012077607028
2021-11-07 00:00:00+00:00,0.02989698211799077,-0.022045213100695585,-0.020307710018743125,0.030887155237905934,0.037943955174777416,-0.020109651020984113,0.03585445053035793,0.007014079574433372,0.0018079176499417166
2021-11-08 00:00:00+00:00,-0.04724197174665967,0.02114749105400431,0.03779915938733612,-0.02780094862974712,0.03050770187453081,0.00891737421277865,-0.004108019681486551,-0.04591202931312144,-0.0008965239227332422
2021-11-09 00:00:00+00:00,0.06286812778766343,-0.016195652610067418,0.005910688332717355,-0.0026706442869486808,-0.019702402380267423,-0.01140017981293546,0.021430889962862895,0.01563020223553964,0.030636509851887143
2021-11-10 00:00:00+00:00,-0.01778199282857551,0.03619189527127742,-0.008680460841495471,-0.06714863944292415,-0.01540627214291096,-0.0684085189615709,-0.0003437508330546437,0.027254080491065466,-0.03202752493357209
2021-11-11 00:00:00+00:00,-0.00021962945857409162,-0.0196813119336363,-0.012574298464218635,-0.044073374275957165,0.029850504017942252,0.027751468339165884,-0.02606310545338586,-0.06721936086327869,0.00029528826522501214
2021-11-12 00:00:00+00:00,-0.020198715541225362,-0.018044628207166152,0.021160957446469637,0.0004629428267273422,0.011069687428451404,0.012744344726186319,-0.0056475927942558285,0.04018839678486155,-0.01973050678346423
2021-11-13 00:00:00+00:00,0.023763373494636274,-0.0258328542360816,-0.01736066224897699,0.024669408277105943,-0.007963906454996776,-0.004485906504389311,0.0063447108675335215,-0.004446449632482566,0.020433508638427376
2021-11-14 00:00:00+00:00,0.0023960513866357596,0.024639457970346793,-0.018957300848799655,-0.010186577114974192,0.014529437223679748,0.007963245437941243,-0.008928952882552616,-0.007548654335779688,-0.015431335884545032
2021-11-15 00:00:00+00:00,-0.005519950988848266,-0.022655635851174877,-0.014317329922494857,-0.027146230369007394,0.025154553769944143,-0.02785451584400697,-0.026575497527494576,-0.006348535296788561,-0.004930881575032613
2021-11-16 00:00:00+00:00,-0.017964106509164954,0.019707889745423018,0.008038381490851112,0.047854895331412795,-0.009518887929133935,0.023146332527789606,0.06205798857778951,0.015591054901384164,0.021867975696459273
2021-11-17 00:00:00+00:00,0.013500176890036977,0.022511739152438492,0.0006010523217271157,-0.0386570447132105,0.004468793359234945,-0.01850099032967837,-0.058054784769693626,-0.0036162983352156525,0.018790682474239196
2021-11-18 00:00:00+00:00,-0.04731200105150574,-0.04162539811209219,-0.014134390427726498,0.0044331242365236966,-0.02112419365284095,-0.03304328778847401,0.011559844048040467,0.030352589932151532,-0.013896120802364631
2021-11-19 00:00:00+00:00,0.0316789503226447,-0.04101887423558993,0.006281681838814186,0.02441986267996281,0.0018271464280518982,0.039235081077596365,0.03434491374983468,0.01671889979164002,-0.03329597937376674
2021-11-20 00:00:00+00:00,-0.028438130289615744,0.005495237900273925,-0.0045298428137128125,0.07715532641386674,-0.002855669951702573,-0.0346119379565724,0.012311458381829567,-0.03009173898559188,-0.02644745572062944
2021-11-21 00:00:00+00:00,-0.03226163675136782,0.024569091828136252,0.06392178680621913,-0.03080091542191221,0.0042741096887212214,-0.005102197247618036,0.015526114368840946,0.04301342583465215,0.019854730899017754
2021-11-22 00:00:00+00:00,-0.00853932888173102,0.016590485566028816,-0.004503856834752431,0.022542902342668047,0.037241777891190125,0.010857604920424339,-0.006854144076933706,0.01334124538613573,0.010363131538903947
2021-11-23 00:00:00+00:00,-0.03177389064136558,-0.02516943414038151,0.013607649669992223,-0.06304300297361207,-0.0141380911401186,0.007580718260450532,-0.006533198678197873,-0.038406204044968466,-0.012156309012794778
2021-11-24 00:00:00+00:00,0.04628169895534107,-0.06386423375972244,-0.0005507920557142528,-0.00914001958748237,0.057725906787736925,-0.01809213553205434,-0.006492689796079624,0.005176271562906775,-0.005583969976259059
2021-11-25 00:00:00+00:00,-0.07713953566744759,-0.004870871531370475,0.013525644738890036,-0.029049253936591093,-0.0037028503161919907,0.026533952834437845,0.010763345721289333,0.03875760259148056,-0.006987014211671228
2021-11-26 00:00:00+00:00,-0.04010775598542868,0.024164320972368123,-0.033539302426678436,0.015401170128094801,-0.027750609855651778,0.002049926246569643,0.024664742299914104,-0.019522509061712476,1.6768993601109134e-17
2021-11-27 00:00:00+00:00,0.0558222837831392,0.013058727931951066,0.04710240509162789,0.005006419628389786,0.049361696559022346,-0.011823611131132518,-0.03430836849151083,-0.028830829290009765,-0.00896523922733206
2021-11-28 00:00:00+00:00,0.04076078751063053,-0.029919814737586647,-0.003892977571109681,-0.04843333287124782,-0.00868787965666166,-0.042497265703303026,0.03561343617651651,-0.0001911736678654304,0.016137430609197576
2021-11-29 00:00:00+00:00,-0.01712903867980811,-0.02688774381563354,-0.013777328437682288,0.016514693060199467,0.008449905737858485,0.014022141446387517,0.051412399458767855,0.014796261679814519,-0.02093972259670649
2021-11-30 00:00:00+00:00,0.04393565600686311,0.004436062281021714,0.0005550170416976061,0.032696486546109654,0.00615665626186682,-0.055678408486940265,0.01833766966843961,-0.0035860956909328037,-3.854941057726238e-18
2021-12-01 00:00:00+00:00,-0.005737933568280215,0.009873221226309407,-0.02539246709295169,-0.07057920819647272,0.01665029707746825,-0.0025418566136463936,-0.0013305459259659739,-0.03550374026264765,-0.011317429250869242
2021-12-02 00:00:00+00:00,0.0050028707712357935,0.008898959776892939,0.017391108408708333,-0.017679323083933544,-0.004795916548167609,-0.00404104008976459,-0.05097363154348028,0.039144354228504645,0.0040934202140382285
2021-12-03 00:00:00+00:00,0.01714762742397586,0.017501254997282646,0.013809731063431906,-0.020090512843003994,5.396917480816733e-18,-0.01808230988059326,0.027591989233479514,0.0,-0.006591290527180874
2021-12-04 00:00:00+00:00,-0.000707099518952734,0.004299490199200372,-0.008130739857251365,0.025999193759262317,0.0038339820257312046,-0.013366731470787303,-0.0017549653727350816,0.0,0.0
2021-12-05 00:00:00+00:00,-0.018250228925443566,-0.029959707164806067,0.012198090935427217,-0.018227069951448776,-0.023415229709399243,0.02030460949911987,0.0,0.0004482619613665837,0.0
2021-12-06 00:00:00+00:00,-0.0327577109428723,-0.004252282675672748,-0.00046361587152202324,0.01548512494719265,-0.008593978885305506,-0.028342771994824583,-0.004930881575032569,-0.0004482619613665991,0.0
2021-12-07 00:00:00+00:00,-0.006069312381777441,0.008560691552796732,-0.0012800870379877662,-0.009277240755819392,0.02206338581381539,0.020171788261493753,0.004930881575032559,0.0,0.012999596879631405
2021-12-08 00:00:00+00:00,-0.006187608196674491,0.010760501118591469,-0.0008404204961894975,0.009861763150064392,-0.0017840218721258089,0.020002917340298524,4.433182216385173e-18,0.00582740549776578,-0.007045330981509683
2021-12-09 00:00:00+00:00,0.03114663504685032,-0.03534549483438788,1.5419764230904953e-17,0.0029671191673654403,-7.902629168338788e-18,-2.6984587404083666e-17,-0.026664574804168437,-0.005827405497765787,-1.6768993601109134e-17
2021-12-10 00:00:00+00:00,0.004823475079512007,-0.035484773482279776,-0.02271262575570843,-0.010811393591235693,0.006195527087772905,9.444605591429283e-18,0.036124917023013695,0.0,1.4070534860700768e-17
2021-12-11 00:00:00+00:00,0.029217218815709895,0.01291402356112245,-0.006857654946638917,0.014444853789310727,-0.01322853444756702,-0.01485506822007014,0.04237344395746459,0.0,0.0
2021-12-12 00:00:00+00:00,-0.024110757704755275,0.03691091503701657,0.006003255430131867,0.04394993624822378,1.3492293702041833e-18,0.01703395453193065,-0.03595873605556596,1.850371707708594e-17,0.0
2021-12-13 00:00:00+00:00,0.013384975598601957,0.009202657046919343,0.017599249610510185,-0.026174938029799918,0.026038955712768493,0.011409843426189129,0.0,0.0,0.0
2021-12-14 00:00:00+00:00,0.045576909663967845,-0.00830380600206994,-0.011706238702038612,0.016418459510060775,-0.010230793017706947,-0.011290760343712833,2.3129646346357427e-18,0.0,0.0
2021-12-15 00:00:00+00:00,-0.014490998195542516,0.012832058648091716,0.0026895717682002243,0.00712085190128394,-0.0071721913818656065,0.0,0.0040907610272992116,0.0,1.4070534860700768e-17
2021-12-16 00:00:00+00:00,-0.03305745847333555,-0.016257361004841164,0.0009977810305181166,-0.006275667459131842,0.008468909367074081,0.0,-0.014554135100208988,0.0,-9.444605591429283e-18
2021-12-17 00:00:00+00:00,0.0043631948454530564,0.030785998046994736,0.017852271324270044,-0.010310025111431144,-0.004684515084549977,-0.0011571450084555163,7.517135062566164e-18,0.0,0.0
2021-12-18 00:00:00+00:00,0.046348583457901736,-0.015337208975515607,0.001344785884100104,0.023011373201990253,0.006355739656477632,0.01384192460590489,-0.020620050222863465,0.0,0.0
2021-12-19 00:00:00+00:00,-0.024849567071554057,-0.01497794445551646,0.0,-0.03995144505253002,-0.00828095608866778,-0.00462098703219305,0.021812737350776795,0.0,0.0
2021-12-20 00:00:00+00:00,-0.006778345011136485,0.021033773409324035,0.024654407875168278,-4.9343245538895844e-17,0.013181845673619094,0.021791980575363485,0.0019158875211257305,0.0,0.0
2021-12-21 00:00:00+00:00,-0.008956024769471537,-0.013828860339133294,-0.02465440787516825,0.0,0.017033954531931062,-0.008965239227330387,-0.0008965239227331721,0.0,0.0
2021-12-22 00:00:00+00:00,0.0576852899629919,0.006335856676828669,0.012503801659316267,0.0,-0.017033954531931066,1.214306433183765e-17,0.02273273687937047,0.0,1.2528558437610274e-17
2021-12-23 00:00:00+00:00,-0.00277572369602232,-0.058592058939850436,-0.032858828574454574,-4.433182216385173e-18,-0.007387808921394682,0.013050188785086687,-0.014344382763731203,0.0,0.0
2021-12-24 00:00:00+00:00,-0.025162668277805035,0.043351022233238716,-0.00798027175435226,-0.007132586369506858,1.4648776019359705e-17,0.0026895717681989922,0.0,0.0,0.0
2021-12-25 00:00:00+00:00,-0.04037112495656661,0.019703847867040627,0.0,0.0,0.015996265974002798,1.715448770688176e-17,0.0,0.0,0.0
2021-12-26 00:00:00+00:00,0.015433259611389685,0.002834283434028082,0.0,1.2528558437610274e-17,-0.0028621318564271353,0.0,0.0,0.0,-0.021068312184230206
2021-12-27 00:00:00+00:00,-0.021547828644757575,-0.02390788901821785,0.017769503350969617,2.7755575615628914e-17,-0.008496806411980235,0.0,-2.6984587404083666e-17,-0.04409973451552648,0.021068312184230196
2021-12-28 00:00:00+00:00,0.07476267243766194,0.00041022606759315094,-9.05911148565666e-18,-0.0016854971300733336,0.01763193918393235,-0.003340378619941026,0.01565570859754272,0.027658056527496352,0.0
2021-12-29 00:00:00+00:00,0.001676731478469524,0.01728794582624499,0.01852287284051597,-0.008655700802167897,0.015850597951934227,-1.5419764230904953e-17,0.0,0.0,0.0
2021-12-30 00:00:00+00:00,0.01624451189834573,-0.029433348277516338,-0.012969399612501022,0.0,-0.014916501561094732,-1.2335811384723961e-17,0.004482619613665977,0.0,0.0
2021-12-31 00:00:00+00:00,-0.004897903872059412,-2.1010457932314878e-05,0.006688550701788664,-0.006619080714802104,0.0013447858840997813,0.0,-0.00448261961366601,0.0,0.0
2022-01-01 00:00:00+00:00,0.019959515909146398,0.002356896673241838,0.033049453018644495,-0.0003204326322502145,0.021964836106963353,-6.938893903907228e-18,0.0,0.0,0.0
2022-01-02 00:00:00+00:00,0.020077498248331577,0.024113473576464532,-0.02830942680954756,0.037654004754794315,-0.02330962199106317,1.3685040754928146e-17,0.0,0.0,0.0
2022-01-03 00:00:00+00:00,-0.03049255597188976,0.012857604483772931,0.005772900588453581,-0.02510266983652955,0.019723526300130363,-1.0793834961633467e-17,0.0,0.0,0.0
2022-01-04 00:00:00+00:00,0.05310754331585905,-0.017031802846638397,0.002594804183965484,-0.006519019038216186,-0.012227202278949979,1.214306433183765e-17,8.480870326997724e-18,0.0,0.0
2022-01-05 00:00:00+00:00,-0.08767145248444991,0.03084476005367709,0.0036948546217290277,-0.0008965239227331981,0.005011019653825549,0.0058545629432835335,-0.009313837991024011,0.0,0.0
2022-01-06 00:00:00+00:00,0.00134987250423408,0.0005157099946108078,-0.01075828707279836,0.009677418448032025,-0.002424147563709314,-1.522701717801864e-17,0.012873029839428686,0.0,0.0
2022-01-07 00:00:00+00:00,0.0012946719734050374,-0.022502415702232555,0.002879119011425921,0.01434385185412492,-0.0397380155786537,-1.214306433183765e-17,-0.010052869205933047,0.0,0.0
2022-01-08 00:00:00+00:00,-0.021940897465232156,-0.008940970693582717,-0.004700475532184155,-0.007945245495973719,0.020512663204131688,1.0022846750088219e-17,0.0,0.0,0.0
2022-01-09 00:00:00+00:00,0.016829508832538823,-0.001292942315501495,-3.016491377670781e-17,0.006389673257346556,0.012242690493111715,-0.02856730173630872,-0.015240906686464353,0.0,0.0
2022-01-10 00:00:00+00:00,-0.018540868018800213,-0.025184229286277386,-0.003137833729566174,-1.8696464129972256e-17,0.0020203665628200466,0.02191407916851983,0.01927526433876374,0.0,0.0
2022-01-11 00:00:00+00:00,-0.018920574992506958,-0.0361204476255035,-0.005370184744023682,1.5612511283791264e-17,-0.0050503716754440415,-0.008516977265965425,-0.004034357652299371,0.0,0.0
2022-01-12 00:00:00+00:00,-0.032026281529929666,0.05154646684565707,0.011639497935558012,0.0035816712463713632,-4.52955574282833e-18,0.018894994546019422,0.005096884063894042,0.0,0.0
2022-01-13 00:00:00+00:00,-0.015226580181855881,-0.031951917097881415,0.017809782349085368,-0.01067976734321266,0.01802269577117104,1.5612511283791264e-17,-0.00220382392070329,0.010758287072798349,0.0
2022-01-14 00:00:00+00:00,-0.018519726668265665,-0.015369578768910359,-0.020191448628188082,0.00285889658433518,-0.02815010155233421,0.0005012268189573148,-0.00833146524720562,-0.010758287072798384,0.0
2022-01-15 00:00:00+00:00,0.11585272509298979,0.024645968771522496,0.04218145487856071,0.0,-0.00016836318056656418,0.0039556821653891705,0.010758287072798378,0.0,0.0
2022-01-16 00:00:00+00:00,-0.05465812708606097,-0.005040234413140634,0.0032864387213087077,0.0,0.0,0.0,-0.01075828707279835,0.0,0.0
2022-01-17 00:00:00+00:00,0.09555166623780205,-0.00798633931904377,-0.015142562591982699,0.0,8.480870326997724e-18,0.004398076783427671,-0.007172191381865552,0.0,0.0
2022-01-18 00:00:00+00:00,0.06100578321468713,0.025284616625302347,-2.42861286636753e-17,-1.1564823173178714e-17,-1.166119669962187e-17,-0.0010292709734691363,0.007172191381865583,0.0,0.0
2022-01-19 00:00:00+00:00,-0.06344629387668502,-0.0037219285033511717,-1.831097002419963e-18,0.008442319190722854,0.0,0.006112459708119021,0.0,0.0,0.01446814844153652
2022-01-20 00:00:00+00:00,0.008900233416036825,0.014875364282972484,2.3129646346357427e-18,7.517135062566164e-18,0.004028665386421826,-2.7755575615628914e-17,0.0,0.0,-0.012966028676490774
2022-01-21 00:00:00+00:00,-0.008813011498868683,-0.010075931344361577,0.007200036158581966,1.214306433183765e-17,-0.008068715304598807,-0.0010835478457580608,0.0,0.0,0.0
2022-01-22 00:00:00+00:00,0.06371137086062889,-0.01974235229173639,-0.0027785736180704224,6.938893903907228e-18,0.02465448163655568,0.007560921109767684,0.02099324334725674,0.0,0.0
2022-01-23 00:00:00+00:00,-0.019535991673434037,0.05117419850309585,0.017446570366851603,1.7925475918427008e-17,-0.010205728232375899,0.03361964710249517,-0.007962149422402628,0.0,0.0
2022-01-24 00:00:00+00:00,0.02590741882255639,0.006292065090848895,-0.0029665837112176434,0.0,0.013786533300934838,0.009952660109512287,-0.022739850698010645,0.0,0.0
2022-01-25 00:00:00+00:00,0.0587714487473394,-0.022362082846562544,-0.015359927467743962,0.0074765221171609764,-0.00026678025782673657,-0.02594563418992516,0.008204674617872835,0.0,0.0
2022-01-26 00:00:00+00:00,-0.023863633978516582,0.018497065019446174,-0.02251851140913175,-0.00012870090266045575,0.0,0.0017930478454663834,0.007943458472223235,0.0,0.0
2022-01-27 00:00:00+00:00,-0.0061252462280620016,0.02035452745236343,-1.4648776019359705e-17,2.1394922870380622e-17,0.04841665814711616,0.0,-0.0022002372507856738,0.0,0.0
2022-01-28 00:00:00+00:00,-0.06396365044781607,0.019018476590523234,-0.0005102447810846485,0.0,0.0004335398795247221,-0.006594675675379429,0.0185395869963118,0.0,0.0
2022-01-29 00:00:00+00:00,0.029355553922341477,0.014218940274407961,0.03406790906386149,0.0022413098068329793,-0.023911245791675483,0.004239466359535055,-0.0007558282177326111,0.0,1.0022846750088219e-17
2022-01-30 00:00:00+00:00,0.024371703088566992,0.0010764117246232462,-0.025550931797896123,-0.002241309806832973,1.5612511283791264e-17,-0.05830924127896336,0.005292102484256811,0.0,0.0
2022-01-31 00:00:00+00:00,0.016743370658201626,-0.03602149686325055,-1.3106799596269209e-17,0.006423012714952849,6.32210333467103e-17,0.02644745572062937,0.007337703352495357,0.020171788261496956,0.0
2022-02-01 00:00:00+00:00,-0.02647144883783613,0.003390641520120619,-6.938893903907228e-18,0.0,-0.021557548320386106,0.005228034556223481,-0.017482216493297325,-0.020171788261496973,0.0
2022-02-02 00:00:00+00:00,-0.03675420246748941,0.015229477784775137,-1.5419764230904951e-18,-1.3106799596269209e-17,0.021572744050315246,-0.02460903400240502,0.007961983656997358,0.0,0.0
2022-02-03 00:00:00+00:00,0.022826816578044747,-0.0018332221997069702,-0.0059290691502322775,-3.7778422365717134e-17,-0.06792506218050237,-0.020034715189611283,-0.007774468356156871,0.0,0.0
2022-02-04 00:00:00+00:00,-0.03309079569905765,0.011875909920147143,0.0008965239227331991,3.112864904113937e-17,-0.029663707480941257,0.009999404585119893,0.011269963968154696,0.0,0.0013932772432430718
2022-02-05 00:00:00+00:00,0.009384488049980424,-0.011946479351432024,0.003586095690932767,0.0,2.7562828562742602e-17,0.03451617102522806,-0.003510755838901949,0.0,0.0
2022-02-06 00:00:00+00:00,-0.015433188238172937,-0.0017388869018123867,-0.00448261961366599,0.0,0.0,-0.02420614591379634,-0.00811121365860485,0.0,0.0
2022-02-07 00:00:00+00:00,-0.05524701676169261,-0.015412358546006163,-2.235865813481218e-17,0.0,-0.013274083841948704,2.3129646346357427e-18,0.0,0.0,0.0
2022-02-08 00:00:00+00:00,0.03464056158447917,0.009899957238341039,0.02286136002969653,0.008290404028789762,0.015689168647830976,0.0,0.01568916864783095,0.0,-0.021068312184230154
2022-02-09 00:00:00+00:00,-0.06922606599688086,0.004014341326133532,-0.022861360029696572,0.0,-0.00550689863270084,0.0,-0.01568916864783096,0.0,0.012569133829781531
2022-02-10 00:00:00+00:00,0.02204545720107555,-7.924385227571784e-05,-1.214306433183765e-17,0.0,0.0,0.0,2.4671622769447922e-17,0.0,0.0
2022-02-11 00:00:00+00:00,-0.0015883987796079548,-0.05004771239241507,-1.5998005389563886e-17,-3.469446951953614e-17,-0.01937734490790928,0.0,0.01882700237739712,0.0,0.00287781776461443
2022-02-12 00:00:00+00:00,-0.03211287782624606,0.019309130037877698,0.013022949634625407,-0.01025195303829065,0.009751849818920147,1.0986582014519778e-17,-0.005945818655745655,0.0,0.015124791978646543
2022-02-13 00:00:00+00:00,0.02011284578139698,0.03384981357804815,0.0,-5.396917480816733e-18,-0.009861763150065183,-0.007568939058752529,0.0,0.0,0.013551539053063048
2022-02-14 00:00:00+00:00,0.0027942184590279803,0.003978573241512694,-0.027946962190157076,-0.018127018316886522,0.0,-0.008240173707940635,0.0,0.0,0.016137430609197586
2022-02-15 00:00:00+00:00,-0.02957019835007976,0.044865453163997336,0.02492095301355851,1.927470528863119e-17,0.020171788261496904,1.3877787807814457e-17,1.61907524424502e-17,1.214306433183765e-17,-0.01613743060919759
2022-02-16 00:00:00+00:00,0.03436985392585164,-0.03407386473610043,1.831097002419963e-17,0.0,-0.020171788261496976,0.0,0.0,0.0,-0.016137430609197607
2022-02-17 00:00:00+00:00,0.010672777283790695,0.024840568503376778,0.005760219424307302,-0.001482710489957811,0.0,1.3492293702041833e-18,0.0,0.0,0.03849146353603172
2022-02-18 00:00:00+00:00,-0.021467533958277867,0.01647511366742023,1.61907524424502e-17,7.13164095679354e-18,-1.61907524424502e-17,-0.001939581794658163,0.0,0.0,-0.015411140916772906
2022-02-19 00:00:00+00:00,0.05884250113045639,-0.0017926562283477505,-0.002689571768199581,0.0,-1.0022846750088219e-17,0.0,0.0,0.0,0.0
2022-02-20 00:00:00+00:00,-0.05748094475466728,-0.028593861650603507,0.002689571768199594,0.0,-1.214306433183765e-17,0.016137430609197565,0.0,0.0,0.0
2022-02-21 00:00:00+00:00,0.032370950608052514,-0.023548734185725347,0.006685747861540361,0.0,0.010635310436686439,-0.03989531456162729,0.009413501188698539,0.0,0.0
2022-02-22 00:00:00+00:00,0.01120039770853351,-0.011838862929854001,0.005045124849970448,-5.782411586589357e-19,-0.015689168647830997,0.03162655049776443,-0.009413501188698544,0.012551334918264774,-3.714713811246409e-05
2022-02-23 00:00:00+00:00,0.011260552488915752,0.02381361806434417,0.0,-0.0006494800190169314,9.05911148565666e-18,0.0,0.0,-0.012551334918264783,0.0
2022-02-24 00:00:00+00:00,-0.02978193448112035,-0.002613518260370757,-0.0053791435363991814,-0.008068715304598774,0.008535657673065404,7.33061288445319e-05,0.018827002377397116,0.0,0.0
2022-02-25 00:00:00+00:00,0.04601245379911385,-0.01273108664339198,0.01299959687963139,9.05911148565666e-18,-0.010131721463616464,0.0,-0.01882700237739707,0.0,0.0
2022-02-26 00:00:00+00:00,0.026845563182645846,-0.007620453343232257,-0.0030313215866959713,-1.3106799596269209e-17,0.0,1.927470528863119e-17,0.0,0.0,0.0
2022-02-27 00:00:00+00:00,0.008798750606314017,-0.0019263766029371352,0.02091229566206059,0.01837874041603058,0.0031378337295661822,0.01846133690456734,0.003586095690932779,0.0,1.522701717801864e-17
2022-02-28 00:00:00+00:00,0.04875085384542853,-0.021298436244792985,0.025090234304003988,0.0,-1.214306433183765e-17,0.0,-0.0024930965508440776,0.0,-0.02536034959419999
2022-03-01 00:00:00+00:00,0.0374448298395105,0.008985538825304945,0.015572639026579377,1.522701717801864e-17,0.004013182276732821,1.0022846750088219e-17,-0.009604064932157791,1.3106799596269209e-17,-0.006266221526709452
2022-03-02 00:00:00+00:00,-0.00793260444548877,-0.002062547305998721,-0.023202004614313588,-6.938893903907228e-18,0.0035676396243632894,0.0,-1.0022846750088219e-17,0.0,-0.017033954531930753
2022-03-03 00:00:00+00:00,-0.0723348660333461,-0.021837150084085558,0.0022502216551499215,-0.023329562839270398,0.001609041557416814,0.0,0.0,0.0,0.0031378337295662004
2022-03-04 00:00:00+00:00,0.03472548913985754,0.025835914380856348,-0.0018597044457262747,0.026480563415884163,2.6984587404083666e-18,-0.021516574145596754,-6.938893903907228e-18,-1.61907524424502e-17,0.0138961208023646
2022-03-05 00:00:00+00:00,-0.04400073917915789,-0.008088991674430699,-0.01812824586802254,0.0,0.0,0.02151657414559676,0.0,0.0,0.0
2022-03-06 00:00:00+00:00,0.09699386242256365,-0.029740804589376186,0.020719422274608854,0.04240143001819478,0.013281332716327846,-1.696174065399545e-17,-0.008003791933541594,0.0,1.850371707708594e-17
2022-03-07 00:00:00+00:00,-0.06267078935435429,-0.03632656960391159,-0.00340927055727404,-0.03464572706991342,0.0,-0.005620562994399354,0.024654407875162952,0.0,0.0
2022-03-08 00:00:00+00:00,0.041171335572794836,-0.004126880157399255,0.013438061040093681,-0.0022413098068330087,-1.2528558437610274e-17,0.017033954531930767,-0.04706750594349282,0.0,0.023409054815559674
2022-03-09 00:00:00+00:00,-0.013215204606958538,-0.027254250199134925,0.016128946626915205,-0.0010828323606033208,-4.04768811061255e-18,-0.011206549034164962,0.022413098068329976,0.0,-0.017893884488505242
2022-03-10 00:00:00+00:00,-0.004538876122867916,-0.006382304640422555,-0.030095103919130586,0.009534944149592757,0.012103072956898251,0.003580848368976957,1.927470528863119e-17,0.0,1.1564823173178714e-17
2022-03-11 00:00:00+00:00,0.005381624847172649,-0.0036281308023138337,-0.013573375559016217,-0.023633580428517115,-0.012103072956898206,-1.927470528863119e-17,-0.007503960912470141,0.0,-0.012146985605622357
2022-03-12 00:00:00+00:00,0.022242675881621096,0.00046789368645614474,-0.00918953467885251,0.008160999807276057,0.0,-6.938893903907228e-18,-0.006275667459132386,-1.3106799596269209e-17,0.027043626581873578
2022-03-13 00:00:00+00:00,-0.02325365300835403,-0.03716975017093843,0.017930478454663962,0.0,-0.001753560078891138,0.0,1.927470528863119e-17,1.0022846750088219e-17,-0.014003037266269844
2022-03-14 00:00:00+00:00,-0.04112341120809865,0.01786734661376478,0.0004950950131178812,7.806255641895632e-18,0.024262468926535094,-6.006401425931451e-05,0.0,0.0,0.0
2022-03-15 00:00:00+00:00,0.010342656417874399,-0.044117340545345086,-0.011487163920128662,-0.008074226582481196,0.004482619613666002,0.01083701518824383,-1.4456028966473393e-17,0.0,9.945747928933694e-17
2022-03-16 00:00:00+00:00,-0.049347141081658136,0.023231910473552404,0.0137011213969278,-1.94674523415175e-17,1.0601087908747154e-17,1.3877787807814457e-17,0.006275667459132379,0.0,0.0
2022-03-17 00:00:00+00:00,0.029949817679861927,0.03934949346106839,-0.023683224934613712,-1.522701717801864e-17,1.927470528863119e-19,1.0022846750088219e-17,-0.010499777942659673,0.0,-0.008180757273740161
2022-03-18 00:00:00+00:00,0.009941565656183054,-0.04896697923804674,-0.019696227772978647,-3.700743415417188e-17,-3.854941057726238e-18,2.524986392810686e-17,0.0,-0.024206145913796346,0.0
2022-03-19 00:00:00+00:00,0.0055598101560498025,0.041337719121996505,0.017615308250042042,-4.9343245538895844e-17,0.0,-0.00801275047094277,0.0,0.02420614591379637,0.0
2022-03-20 00:00:00+00:00,0.05054796415420034,0.04227362571301393,0.0061683045308100785,0.0,0.010250302348983813,-5.782411586589357e-19,0.0,0.0,0.0
2022-03-21 00:00:00+00:00,-0.005191485030729285,-0.05535974151284871,-0.020529267650041948,-0.004526851631411782,2.6984587404083666e-17,0.021964836106963422,0.018174582108919177,0.0,0.0
2022-03-22 00:00:00+00:00,0.04446576252110583,0.01640312527020003,0.0280131423648476,0.0015814702072028755,-0.028128386006076058,-0.020727258175536997,0.01590406112714142,0.0,-0.008420682136159006
2022-03-23 00:00:00+00:00,-0.02397356661480377,-0.02404370054083267,-0.031489264195442276,-0.054165727657487145,0.03439181307540867,-0.0022413098068329983,-0.03005827999876774,0.0,-0.011588093162789349
2022-03-24 00:00:00+00:00,0.01112453410828683,-0.007121140005758512,-0.025110802374870633,0.02078129728136628,0.007598367294109232,0.04635477890576626,-0.008475981127743358,0.0,-3.0839528461809902e-18
2022-03-25 00:00:00+00:00,-0.04735293182409688,0.01049404940338658,-0.01076434688932072,0.024654407875163823,-0.014726804700292171,-0.03493582514410141,0.0022911079374310153,0.0,0.01525899151172341
2022-03-26 00:00:00+00:00,0.03610184801166299,-0.03399419254601544,0.01787864203726676,-0.013091035184234316,-0.017033954531930746,-0.004114274189002943,0.0,0.0,0.0
2022-03-27 00:00:00+00:00,-0.06146186579526404,-0.03676250907212333,0.009152846384276055,-0.008168679899633269,0.017033954531930785,-0.016123471381562268,-0.03941232342791498,-1.7732728865540693e-17,1.522701717801864e-17
2022-03-28 00:00:00+00:00,0.004856668334703469,0.03168049054874638,-0.05299215675681109,-3.334524014933196e-17,-0.006562806817169322,0.0026895717681995925,0.005684084265668685,-0.008337389201409319,7.902629168338788e-18
2022-03-29 00:00:00+00:00,0.025538345329200057,0.02139697177640702,-0.021072806472008546,0.021904489032678328,-0.031131753899332773,-0.02336961985921342,0.04193138195476083,-1.61907524424502e-17,-0.009626872165817008
2022-03-30 00:00:00+00:00,0.011604456794624499,0.020465044087141743,-0.01210652229934178,-0.013744269109137421,0.03615189515790948,0.024862469281627227,0.013348761756739486,-0.003382052474967212,0.0018376616143678194
2022-03-31 00:00:00+00:00,-0.019878403756346228,-0.007077820838886231,-0.013316928596476681,-0.007602905771419826,-0.02550367349515204,0.03354429662975459,-0.0464746148197168,0.0010271343749185954,-1.94674523415175e-17
2022-04-01 00:00:00+00:00,-0.006795646114910127,0.010736123527694973,-0.009555945893430501,-0.010494670766183902,0.0573923151381447,-0.04781596440984167,0.03674327661061639,0.0,0.0
2022-04-02 00:00:00+00:00,-0.027700262048761706,0.00808133032436188,0.04115644456810677,-0.011714823960504899,-0.007334084283639315,0.028184272175593716,-0.016783462091061168,0.010881805853347502,1.1564823173178714e-17
2022-04-03 00:00:00+00:00,0.027538664644280557,0.024069825805729056,0.006605442115179579,-0.011206365359192278,0.007695683460367344,0.03180023521564203,-0.00172474634992958,-0.017033954531930788,-1.6768993601109134e-17
2022-04-04 00:00:00+00:00,-0.015643457657022186,-0.02468456322692448,-0.01084301137488624,0.011761940089850563,0.019720052531352786,0.01256115327617118,0.0287102961352445,1.5419764230904951e-18,-0.0026210942742661736
2022-04-05 00:00:00+00:00,0.01349366787713992,-0.009811623553030896,-0.028705292990534124,0.022736207310463837,-0.028679968347937995,-0.028305801695747097,0.04635723229016434,-0.011206549034164986,2.1394922870380622e-17
2022-04-06 00:00:00+00:00,0.0005190555640897568,-0.02330853563378136,-0.013094172031676305,0.008069469305936747,0.008687013885918178,-0.005311801114754883,-0.020151428416468223,0.019722867146581488,0.009017535744058577
2022-04-07 00:00:00+00:00,-0.0061984080024823866,0.006887777573082111,-0.01294240762477476,0.017453992671438167,-0.002784118115046991,0.03242878039779281,0.008789508365337305,-0.014708697329231878,0.013447858840997917
2022-04-08 00:00:00+00:00,0.0005116101722909393,0.04063100642262982,0.04336478941127613,-0.005878970753664798,-0.018207330957898178,-0.0033833363382376447,0.0008819100616423448,1.214306433183765e-17,-0.01344785884099793
2022-04-09 00:00:00+00:00,0.006652313408988068,-0.05504439974982865,0.025526321066949416,-0.008017836339378718,-0.010380080545568333,-0.006849100915843808,0.0068515383551128505,1.3106799596269209e-17,0.015736550788787638
2022-04-10 00:00:00+00:00,-0.02719410906385452,-0.010905658641750223,0.003352574571895196,0.005436382531872667,0.00021369185695430514,-0.018916464516341266,0.021892650150279924,-1.214306433183765e-17,-0.016102524344002125
2022-04-11 00:00:00+00:00,0.036180440881648075,0.0493174520676333,-0.033620020220754804,0.008042573149565746,0.013053569744622063,-0.013670627363871615,-0.04134273778892797,0.0013447858840997858,0.0016969581925814223
2022-04-12 00:00:00+00:00,0.029379678732603387,0.025677841270767766,0.026698153659034107,-0.02243559961769825,0.00045945799089207166,0.04501674566198528,-0.01290739292260242,-0.015689168647830928,1.734723475976807e-18
2022-04-13 00:00:00+00:00,-0.043593114323936186,-0.02525116229749431,0.01440089839694673,-0.02510266983653138,0.016184018898634037,-0.0009554715408160974,0.03764235004350942,0.01434438276373117,-0.008516977265965378
2022-04-14 00:00:00+00:00,0.0361450503164562,0.054720196456070916,-0.0029211110742110745,0.03827190969822397,-0.020280423956157853,-0.035690348134811506,-0.026840710327614307,0.008068715304598776,0.008094415393474597
2022-04-15 00:00:00+00:00,0.010544440268871696,0.011894380285020325,-0.020458380098837287,1.0022846750088219e-17,-0.019600198471833575,0.00721243445846546,-0.012537552271891374,-0.008068715304598786,0.011654810995531522
2022-04-16 00:00:00+00:00,-0.05025294953624989,-0.01403882481314541,0.0,-0.006907706980945572,0.013447858840997263,0.0,0.012061550490845202,1.214306433183765e-17,-0.017477200239999772
2022-04-17 00:00:00+00:00,0.05509041575575361,0.004892294472851214,-0.002004607713395533,-7.035267430350384e-18,-6.938893903907228e-18,0.0,0.0017930478454663418,0.0,-7.709882115452476e-18
2022-04-18 00:00:00+00:00,-0.05062734367093021,-0.01543865845699662,-0.0017448818398585267,-0.012666222945545806,-0.005886694246510615,-0.005956507356444972,0.03587900208676784,1.0022846750088219e-17,1.0022846750088219e-17
2022-04-19 00:00:00+00:00,0.04376140622867056,-0.01016706801572952,0.0007567327941687867,0.01499761117357183,-0.017937537574505124,0.003137833729566183,0.012204425470980763,0.0,0.0
2022-04-20 00:00:00+00:00,-0.02493454928786311,0.0007559485310807547,-0.001073449189747579,0.01379409536262561,-0.0005618732668925956,0.028694933913396028,0.004726303736303761,0.0,0.0
2022-04-21 00:00:00+00:00,0.009239919891456613,0.03358768861438803,0.0018868899312355072,0.007620453343232218,0.03544901074096217,0.04808033750528948,-0.012308894740333046,0.0,0.010933395089607388
2022-04-22 00:00:00+00:00,0.041547976069182264,0.018079840317270637,-0.0019301523730564875,-1.927470528863119e-17,-0.005379143536398936,0.0,0.009206421814103867,0.0,-0.013447858840997902
2022-04-23 00:00:00+00:00,-0.027752095453557016,0.002884155009935873,0.009018155506276439,0.010943728508356142,0.0,0.0,0.0003980200940776433,0.0,0.006723929420498955
2022-04-24 00:00:00+00:00,-0.039844398527451544,-0.01859144607939629,-0.010310025111437795,0.02779224160473036,-1.0986582014519778e-17,-2.0045693500176437e-17,0.0064688342915388344,0.025999193759262754,-0.013455464386676882
2022-04-25 00:00:00+00:00,0.0014290324039299546,0.018580188322233713,-0.01844163445665263,-0.015788096670420148,-1.1757570226065026e-17,-0.007389002697001445,0.03447005663951326,-0.02599919375926278,0.01561538358512948
2022-04-26 00:00:00+00:00,-0.018388012275960635,0.0006071666486122982,0.0008965239227339319,-0.013879535908205783,1.0986582014519778e-17,-1.0022846750088219e-17,-0.03365772971638059,0.0,0.0
2022-04-27 00:00:00+00:00,-0.0017337880742480298,0.012669104312893172,-0.000896523922733929,0.0,-1.0555792351318871e-15,-0.0013066903076012551,0.003353380866927354,0.0,2.4671622769447922e-17
2022-04-28 00:00:00+00:00,-0.04080992882143803,-0.03856226764928724,-0.049596681158344626,-0.014807770936507512,-1.6383499495336512e-17,0.01568280123133698,0.007753177911237966,0.0,-2.235865813481218e-17
2022-04-29 00:00:00+00:00,-0.008617818764666522,-0.008741192168454585,-0.03310188338419216,0.025550931797894135,0.015277408779546574,-0.014344382763731182,-0.013068853368791928,0.0,0.0
2022-04-30 00:00:00+00:00,-0.028603632156780776,0.02892971097255008,-0.009122924723715273,-0.023237043694890047,0.060595061052385005,-1.850371707708594e-17,-0.0022443573627372476,0.0,0.0
2022-05-01 00:00:00+00:00,0.015270643073112183,-0.011652870107136296,-0.021694785012881763,0.020171788261496973,-0.012724627452595257,0.0,-0.002964911996623678,-1.3685040754928146e-17,0.05748825273479233
2022-05-02 00:00:00+00:00,-0.06356350687694061,-0.0334448111165564,0.0012548216880480594,-2.929755203871941e-17,0.01181499865901691,0.006014748152242658,0.0016618819269322725,2.1009428764607996e-17,-0.005899611851656785
2022-05-03 00:00:00+00:00,0.024342510488215518,-0.01998161767550672,0.003527052685913177,0.009710633407669948,-0.004930881575032573,-0.011452866579368772,0.006195498004275289,0.0,-0.012103072956898121
2022-05-04 00:00:00+00:00,-0.03321625477695429,-0.012452331337099993,-0.013348372411039875,-0.0014423563336376426,0.0149821634275192,-0.015244519408124694,0.007878551600529556,0.0,0.0
2022-05-05 00:00:00+00:00,0.0010001917307219759,-0.01206464706802569,0.019492702364301076,-0.003986092472275087,-0.008121110901316723,0.007764322317192104,-0.014624587789987665,0.0,-0.009145717492067766
2022-05-06 00:00:00+00:00,0.0031067088289083297,0.03440812690289038,0.01990151694416608,0.008657844844688433,0.01366398424827217,0.009564333264106346,-0.0026207600032117067,0.0,-0.006174281365705473
2022-05-07 00:00:00+00:00,-0.01770743875508999,-0.08873049598013268,-0.003974010467851796,0.058331052665535975,0.0010026614840310955,-0.02034719511594475,-0.03485935099335365,0.0,0.02213236546209332
