date,prices,market_caps,total_volumes
2018-01-01,0.9576058280146803,7827651.892659198,92672667.43447028
2018-01-02,0.7847113148208426,6173607.678345317,49458692.875223994
2018-01-03,0.8759944068917709,7269680.447445141,37821009.955602355
2018-01-04,0.7867121945458646,6302364.150584625,19579214.89293177
2018-01-05,0.666673390515131,5306221.06575891,17523533.049867075
2018-01-06,0.6376210673084666,5114653.932636794,12659541.408408837
2018-01-07,0.6923331250859114,5505929.486978686,23132895.9095158
2018-01-08,0.657449398309544,5348323.975349362,10227034.752456626
2018-01-09,0.6769721852162044,5423066.285864263,10199318.163159857
2018-01-10,0.6094358389483635,4844617.211182358,9789186.730548004
2018-01-11,0.5347904942320182,4285479.154681022,8763891.031037511
2018-01-12,0.5728269210770057,4591546.761226098,9610841.993019182
2018-01-13,0.6848872198147996,5446538.173850838,18146790.14448149
2018-01-14,0.6217032788666345,4909586.999036558,13659849.485801896
2018-01-15,0.6227650900853694,5027193.620409137,8959427.13964603
2018-01-16,0.6470903181859691,5173619.233465031,7324961.274114759
2018-01-17,0.6398628040694914,5137791.330825961,8493459.048447348
2018-01-18,0.5683154806973284,4616001.375155629,7534010.521157354
2018-01-19,0.6574283212299112,5283691.351331575,7387289.032147021
2018-01-20,0.7411890135877649,5897415.537215416,8964597.270530097
2018-01-21,0.693089721323073,5635423.505964131,5182978.537733341
2018-01-22,0.7169539321663891,5735879.899599453,4174109.6429038513
2018-01-23,0.7124378933182761,5669404.169981707,3457574.5570013877
2018-01-24,0.6866098174679662,5486412.385664286,3375393.730010124
2018-01-25,0.6728297405546847,5354861.583908894,3467483.256730908
2018-01-26,0.6503081490988862,5195811.6286706,2903980.8568524625
2018-01-27,0.6194003582280405,5010066.054780242,2715223.2877061805
2018-01-28,0.6089398899298076,4874818.721855924,3385522.0174709754
2018-01-29,0.608939662026112,4827334.908169065,2493703.55942783
2018-01-30,0.6017917957668725,4816707.909418276,2126230.1519960337
2018-01-31,0.541777928609612,4324416.949285259,2370841.7230691817
2018-02-01,0.5139234956267317,4171226.2991002905,2113480.526002199
2018-02-02,0.5333426539131136,4266741.231304909,2182277.4116870984
2018-02-03,0.5533191018747785,4413742.897500913,2337721.3827509126
2018-02-04,0.574281421724847,4570789.918376839,548910.1111122454
2018-02-05,0.5564341957677822,4432087.508991812,1837728.914580343
2018-02-06,0.5989661106774994,4752035.386171752,2286736.274938201
2018-02-07,0.6159337448626931,4898008.357759836,2950437.821089827
2018-02-08,0.6477344448774962,5213969.633802138,3280890.995949265
2018-02-09,0.6219357513498963,4996233.199332481,2375972.6144311675
2018-02-10,0.5795859352817158,4629608.829738474,2306268.656301432
2018-02-11,0.6055660983994974,4853042.594897839,2791803.410911919
2018-02-12,0.6149832258209792,4919865.806567834,3449950.8698416166
2018-02-13,0.6082201706733519,4866957.615424991,2624526.4581755586
2018-02-14,0.5465741722754689,4374843.160369413,2831384.6236669393
2018-02-15,0.6022304108336682,4809730.17960867,4453912.36455054
2018-02-16,0.5731399463825178,4598505.351008801,2703457.5841550757
2018-02-17,0.5884004926151261,4715158.090275346,2545885.09382515
2018-02-18,0.5721700884660958,9366383.783941554,2654599.496858454
2018-02-19,0.5774323126967125,9427078.266084636,2051249.6504508469
2018-02-20,0.5858132380721703,9591470.33610501,2439529.3289575824
2018-02-21,0.5756770028863081,9399234.951485896,1936502.3610925872
2018-02-22,0.5789755237865244,9424972.586161828,2232352.346863049
2018-02-23,0.565814320391003,9310563.109433705,1384105.1497734163
2018-02-24,0.586205470714686,9614805.94741188,888236.6647254211
2018-02-25,0.5867553687536804,9543805.262487222,863889.7763493777
2018-02-26,0.6569611049457513,10747702.95638117,4253926.368138953
2018-02-27,0.6254174646400334,10180036.835310562,1644975.9479360643
2018-02-28,0.6193745553415636,10138083.793723866,778127.9330190483
2018-03-01,0.6676807419152483,10913789.386770498,1450401.0511809927
2018-03-02,0.6554185232956307,10726797.093153996,934660.1510810163
2018-03-03,0.6503617499580121,10648020.65447342,1145633.2872963657
2018-03-04,0.5719983046317773,9341515.406268213,1164520.213589104
2018-03-05,0.5933564822995189,9722321.601662131,962192.2023448921
2018-03-06,0.6088102028493066,9955797.604756866,753788.2633049818
2018-03-07,0.586183105523133,9583560.125035353,915552.325663399
2018-03-08,0.5703312716454458,9320494.000741212,1052111.2592694547
2018-03-09,0.5850988389924333,9519846.38912149,679085.216200979
2018-03-10,0.5818481709972113,9549958.35463254,704810.1888912406
2018-03-11,0.6199980008389199,10224928.435807472,1372641.01989903
2018-03-12,0.6860916859440122,11247343.894203106,7055205.212782311
2018-03-13,0.6445979846649201,10673766.043338617,1745226.9861953105
2018-03-14,0.6727477930583199,11086240.79289364,2287434.9791924166
2018-03-15,0.7271729644769215,11996277.112687156,1654719.03275172
2018-03-16,0.7067336276588002,11646898.982503338,1383543.515394181
2018-03-17,0.7362452622406327,12150092.54225176,2827321.0318965996
2018-03-18,0.7126894105564204,11741625.189942881,1804323.6591062366
2018-03-19,0.7407208653820945,12079079.145186102,1673667.3915581722
2018-03-20,0.7133553688193407,11750514.839677684,1710200.3756398568
2018-03-21,0.7987604659546775,13136127.952360291,3419777.1925617917
2018-03-22,0.8531268842862817,14062849.974509096,2179078.5022104667
2018-03-23,0.8592955544373364,14164459.013979025,4200596.310608971
2018-03-24,0.8324592358815799,13737840.609279668,1840101.230846373
2018-03-25,0.7746114788082067,12783903.734507758,1796842.5276823917
2018-03-26,0.7674704652113047,12672163.175031388,1136961.5458983239
2018-03-27,0.7811871083546776,12892264.592707587,1683516.1067310176
2018-03-28,0.6921876621707542,11423393.474284139,3820984.230135418
2018-03-29,0.708409297313418,11691026.180906912,1164528.5162276954
2018-03-30,0.7534772552866666,12435090.742149869,1711217.8737984726
2018-03-31,0.7956141684819489,13138366.724263769,2258517.8140890417
2018-04-01,0.8504783390765865,14045120.422821058,2615952.924425641
2018-04-02,0.9136373735709605,15112460.37027957,1871221.381625289
2018-04-03,0.9215341890095095,15255277.05816987,1733700.4838324187
2018-04-04,1.0175269375576679,16696748.621766666,4779890.404796757
2018-04-05,1.1787532874584385,20428062.235112287,4064986.8593240106
2018-04-06,1.1483561946452148,19972946.844421286,2236363.0616940595
2018-04-07,1.2935475055510521,24362181.926540546,3361791.9274219424
2018-04-08,0.8689184704805727,17274473.46197496,9296866.059843082
2018-04-09,0.9818241501710889,20917439.75564856,11550958.719088707
2018-04-10,0.9673182706042267,20602905.143447436,2951092.759333697
2018-04-11,0.9224383437804942,19624140.864785753,2231346.892892173
2018-04-12,0.8730589788162091,18811046.939017244,3041235.988885012
2018-04-13,0.9763920314535465,20859692.480081826,4296502.831840978
2018-04-14,1.0447246666635182,23288212.437627885,5381567.012406718
2018-04-15,1.055806292137335,23621340.96676559,3051275.6707602446
2018-04-16,0.996204458635239,22240716.375305213,2030487.6493153644
2018-04-17,1.250866425449966,27986367.374513853,9847485.817662286
2018-04-18,1.597026052950196,35745817.7886529,9916449.44921899
2018-04-19,1.7769558120449132,41165009.82828771,34618880.39774075
2018-04-20,1.7839631352797094,41629008.982130036,9748575.381711468
2018-04-21,1.6571919291258759,40210662.87394944,11129957.57810826
2018-04-22,1.688418732306239,41117076.71814283,5611511.032735667
2018-04-23,1.538097031663773,37711209.168728195,5087571.122031662
2018-04-24,1.5331373954293075,37591996.350815535,4748192.135285872
2018-04-25,1.7460156741727715,42382004.442631856,6698349.656645603
2018-04-26,1.8003636805602121,43879557.43250306,5778334.689310662
2018-04-27,1.897307254698148,46368816.3139189,5584908.268188476
2018-04-28,1.7611833194175444,43050611.45569475,5569521.620614501
2018-04-29,2.2019224919095755,57169342.30736419,10399801.556090286
2018-04-30,2.073120413084232,54969359.87215626,7707429.070748664
2018-05-01,2.473401784088845,65401183.62573061,10257501.939669047
2018-05-02,2.659002831147767,71020175.15382175,11357917.296250584
2018-05-03,3.135883738986437,87332088.95472732,22017721.74290488
2018-05-04,3.264869117899598,91851887.99480896,34022534.26369051
2018-05-05,3.7413879301300477,105458413.8307931,27350570.77388378
2018-05-06,3.733675412574768,108874815.26710747,28936940.781297173
2018-05-07,3.417497219987532,101662334.18190424,19041477.056082636
2018-05-08,3.173195437376957,94560197.39791581,13945414.886381749
2018-05-09,3.3852267282077353,101093049.99744666,10367526.298214646
2018-05-10,3.103088944314995,95117475.85564578,11222688.377130892
2018-05-11,3.331062075226566,103512572.72250581,29613499.054796744
2018-05-12,2.8961310680437595,91194729.76245809,15448650.496923096
2018-05-13,3.2065025821939535,101186302.29256418,13595404.010378797
2018-05-14,2.9331894135899335,92576368.0854075,12006369.819543839
2018-05-15,3.0217655955968654,95149797.26079312,10159244.74494122
2018-05-16,3.3299340513884106,104838610.42033501,11705563.476910876
2018-05-17,3.3397770443341135,105025071.74355629,15583655.536926841
2018-05-18,3.2612416074765753,103504610.60526419,12533596.20470018
2018-05-19,3.5510669414297205,114219136.44905476,22112806.023894925
2018-05-20,3.430616121799528,110491240.21623018,21498130.288651012
2018-05-21,4.011416157428157,129651597.85797815,26740109.116042912
2018-05-22,3.972282229488827,128816760.88101023,14534080.230702233
2018-05-23,4.436663533464179,144468272.8412078,22083311.984774828
2018-05-24,4.7944618494720785,157231078.23530626,19476155.185270272
2018-05-25,4.304353616338777,144080731.16918826,16073140.847875303
2018-05-26,4.176224469342381,137747076.79202124,23121094.981106814
2018-05-27,3.5139711518755092,119105104.96979707,27187766.957454216
2018-05-28,3.5407174542293283,118962336.47400291,17857611.36846
2018-05-29,2.5951717114056416,87193154.31518938,25742235.853560265
2018-05-30,3.087153751704757,103754712.65869252,18512975.690539997
2018-05-31,2.906438017628754,99103615.3011978,15992080.626502352
2018-06-01,2.4742806348861026,85338829.21618006,10503232.091517104
2018-06-02,3.6343703512897685,121438753.71660663,46180176.27343093
2018-06-03,3.453090001140051,118759154.8277774,31817980.375814505
2018-06-04,3.4462085226704344,121133286.76719753,16519855.116028652
2018-06-05,3.3326620873211703,116947704.57942767,10193775.121683143
2018-06-06,3.22479831179511,112654349.57438488,15375145.93697348
2018-06-07,3.2623912097330243,118721263.47138277,21853783.60876622
2018-06-08,2.931693208266334,107150010.94799854,12635260.000412077
2018-06-09,2.5494654060917625,94070098.59695262,24795333.687555198
2018-06-10,2.919199303305689,107329192.55976476,21791980.63219644
2018-06-11,3.084079827098842,115398247.16683203,22533255.903117426
2018-06-12,3.0147288973338715,113066182.9422364,10943760.457857545
2018-06-13,2.8679582577061704,107485223.20908946,9294739.741029434
2018-06-14,2.77366022930038,105132421.8250733,19270693.968702458
2018-06-15,2.9402155138255073,110996725.68154047,18874481.49614106
2018-06-16,2.8355005874806776,107801478.99659243,14564763.145004692
2018-06-17,3.130126407105003,118878878.68168245,16633162.873780875
2018-06-18,3.191006049537429,122238331.59277275,13618464.796439826
2018-06-19,3.1351452155696546,121477645.40078653,8801854.27770789
2018-06-20,3.1659948849500643,124163454.94575258,7557998.443943798
2018-06-21,2.9557751507195418,115671366.64099684,9309539.826511212
2018-06-22,2.945119038534579,117794737.82329232,6850416.403733073
2018-06-23,2.895851723928607,116997169.793763,5787535.353310377
2018-06-24,2.866125781133827,116446343.764479,8826242.176135253
2018-06-25,2.6289039111067782,107373602.62220953,14212990.242723487
2018-06-26,2.5536378078057957,104629198.18132688,5964945.748663193
2018-06-27,2.522557078453714,104629072.11208977,7148795.3663304895
2018-06-28,2.652751429083878,109983903.67952684,8274088.030812653
2018-06-29,2.174595988147619,90510593.136206,12053371.14959094
2018-06-30,2.290102499091077,96626244.2271101,14026928.603023551
2018-07-01,2.3626573108302025,100361073.08665311,18962028.194038983
2018-07-02,2.539492735094531,108143704.99926196,14326709.102963934
2018-07-03,2.4055686376579755,102263473.32540001,10183145.724821746
2018-07-04,2.418105545958514,102599664.11189498,7287675.814385024
2018-07-05,2.5835814456344366,109398780.83412512,15148498.562808538
2018-07-06,2.402275768916289,104349414.79795986,13892838.741344552
2018-07-07,2.3191536796804995,100630989.38907091,10350998.488724299
2018-07-08,2.268549825333015,98861299.72953752,8122715.968983821
2018-07-09,2.1410969900561,93684534.75782022,15223420.219593452
2018-07-10,2.2035632012257804,95604758.79489854,6335659.683846947
2018-07-11,2.2119210242084533,96201418.29928115,5687385.028653056
2018-07-12,2.056854398926332,89483911.14654794,8565815.857466063
2018-07-13,1.8858859870466809,82488167.14046891,15641566.709200725
2018-07-14,1.8809689528028195,82144490.25896214,23297280.721893147
2018-07-15,1.9538868465951076,86559361.41416237,13454997.575523896
2018-07-16,1.9571745339461706,86992250.29298699,11186213.356340406
2018-07-17,1.9125348373534423,85097119.41553113,6919606.692459674
2018-07-18,1.7910124551194946,80166567.40845197,9185870.299509026
2018-07-19,1.6848007548575634,76352252.52403358,13591649.240590198
2018-07-20,1.7159415073624318,78379682.65133592,15297050.598319847
2018-07-21,1.5185434311695507,69484097.07158922,15939411.515576778
2018-07-22,1.4288466908519226,65484559.74846173,8662606.661041781
2018-07-23,1.4406457973488311,65971825.09030392,9349348.871776775
2018-07-24,1.5355514530581402,70310236.99352686,6702913.199915457
2018-07-25,1.600572441974701,73223097.96611069,7044518.693985352
2018-07-26,1.4752353298018694,67681588.11219725,6491093.9037773525
2018-07-27,1.4126356428447633,64789424.24486666,6668083.606459433
2018-07-28,1.3933070455135532,64037059.28113097,13444944.225189563
2018-07-29,1.4057083583738634,64230247.786586635,10875990.980387984
2018-07-30,1.9259691495315499,88646989.63268837,29260208.082079533
2018-07-31,2.032391502844419,94477844.75803708,69505254.93434788
2018-08-01,2.155344889638131,99153483.96280438,35274009.490947016
2018-08-02,2.0285116039511935,92911864.56042299,23430879.829114553
2018-08-03,2.252786688117921,104439762.47148168,17683772.994641323
2018-08-04,2.000194697094851,91842384.4291332,17995064.27824164
2018-08-05,1.896790484098796,86929582.54336853,14316052.703740103
2018-08-06,2.017595353872823,92395446.39953326,10853681.100996608
2018-08-07,1.9198208087780548,88345125.41853492,7480703.339548037
2018-08-08,2.0406791308120753,93688715.99840245,17895366.80890147
2018-08-09,2.2623589978442378,103751002.08687328,20610242.317284264
2018-08-10,2.197190778740227,101161954.40612783,15969353.057183925
2018-08-11,2.117886192370405,97122156.74764429,13848265.661515675
2018-08-12,2.070684202084601,95016544.57983688,9316529.247631349
2018-08-13,2.099258903106589,96699115.09128669,10371769.862920254
2018-08-14,2.381429683264949,109103139.9036232,25366504.823793355
2018-08-15,2.151813535476351,99643753.24807033,20574885.270062737
2018-08-16,2.273388487038822,104405683.73789695,18928875.39550107
2018-08-17,2.2599141412129526,103371313.28825709,32072469.88442561
2018-08-18,2.2646129983306857,103929950.4113385,31314180.50158886
2018-08-19,1.9019050448221404,87261948.4587302,41413742.502415486
2018-08-20,1.8592629872719064,85368717.62930092,16043158.39733107
2018-08-21,1.8903759559939506,86876340.85848026,13543976.251381855
2018-08-22,1.9133429784467306,87979239.4231415,7475716.686282049
2018-08-23,1.9652469851002097,90930509.95528531,10302108.662414199
2018-08-24,1.9821155844306726,91819218.14741093,15857429.667479658
2018-08-25,2.1173819608613713,98158810.32584806,20110298.14090546
2018-08-26,2.0967513186152114,97007192.41882148,26145331.304000676
2018-08-27,1.858485553374542,86302542.38359374,12376166.936333302
2018-08-28,1.9786603345404,91469353.58874713,10627298.671877306
2018-08-29,1.851301551500301,85608059.73744749,10598081.573961524
2018-08-30,1.8306335885715757,84695936.97844146,10468359.685002154
2018-08-31,1.6703686172523906,77643530.78405608,17112369.527682714
2018-09-01,1.664937350328642,77258533.71758029,16742998.45128931
2018-09-02,1.5765078909674242,73019479.91112876,9081181.441213774
2018-09-03,1.4496692801969542,67063074.53264825,10757763.654799256
2018-09-04,1.4908497129487033,68998005.96321389,9176582.194922846
2018-09-05,1.5665711036119,72368450.61816674,10831419.615199426
2018-09-06,1.5904572145316247,74144495.06564687,10852348.235007472
2018-09-07,1.7529676467046862,80958321.29626867,25707468.385520007
2018-09-08,1.779209478837656,82697026.71230772,20667383.028789427
2018-09-09,1.677764317256101,77962145.67023137,19771583.134829283
2018-09-10,1.6997785608559872,79098065.29444037,9944183.27492898
2018-09-11,1.6683085585940913,77655684.25950308,11133539.429365838
2018-09-12,1.5633483514359,72790529.40428856,11294828.80348789
2018-09-13,1.5434205371433634,71954471.52541262,10231076.96252841
2018-09-14,1.4928837701687971,69532641.54486774,14598569.95920073
2018-09-15,1.206243024482621,56718890.08800321,21811152.391227532
2018-09-16,1.3634590117032817,63270395.09871319,11669615.744971463
2018-09-17,1.4458848057739127,67364923.8031706,11302457.898446823
2018-09-18,1.3282607978532563,61824850.922195025,8569139.626475705
2018-09-19,1.3065401279822344,61706533.09169116,15721103.749787897
2018-09-20,1.5191282501080419,70774348.23560144,16248544.099952295
2018-09-21,1.6760685346336837,78352281.80230162,34126955.314970545
2018-09-22,1.5378390877377932,71585859.2732059,16897738.266745638
2018-09-23,1.5158074963117758,69766796.8517985,17111375.741750743
2018-09-24,1.8411408764785613,86318139.65505527,32991393.10011804
2018-09-25,1.802628913180411,84086466.39653847,41366106.07008067
2018-09-26,2.14770799035378,99775343.80647424,71243785.08334851
2018-09-27,2.4217846067950366,111799126.97201678,74768826.60691226
2018-09-28,2.1618689571522256,100329573.08891995,65041612.88843685
2018-09-29,1.9231854639663055,89806036.82660183,66770224.861168616
2018-09-30,2.3674092848829695,617487734.823374,219251174.2197483
2018-10-01,3.2344821232005927,832993617.4072843,286755149.1133893
2018-10-02,3.3885883690214627,895647361.5109031,120168621.41585141
2018-10-03,3.4737322317991124,912330458.1173432,80904486.74204415
2018-10-04,3.1076274895234994,817258464.2688268,106045335.58882752
2018-10-05,3.58676467736862,938493137.5207736,97551374.06150249
2018-10-06,3.520762208941768,921726565.2583522,75016318.35179248
2018-10-07,3.2781934892090505,859145982.5611855,76404702.33595315
2018-10-08,3.2557793953909067,854734765.1596448,58075508.18361369
2018-10-09,3.451865500376336,904006570.0309957,99803415.70677254
2018-10-10,3.81598415593309,1017470477.7839756,93623327.60068645
2018-10-11,3.7751466399459668,987108914.5515286,92855359.6361952
2018-10-12,3.641431311969665,953132372.6214266,70082464.78928855
2018-10-13,3.729115837327082,973442831.7891594,58455688.05431196
2018-10-14,2.9988114745903562,786986237.3494189,56210951.531339064
2018-10-15,3.341360079142882,870802220.8670269,78912922.70962742
2018-10-16,3.5015683031312848,910358037.3778708,34563933.459064916
2018-10-17,3.63170707484897,946423915.3825785,39857016.48670482
2018-10-18,3.7139996330041947,970376773.8007468,102071940.74413401
2018-10-19,4.032884053809296,1054703273.4109547,99915130.853126
2018-10-20,3.699511535159664,965216149.5931334,41769652.736767605
2018-10-21,3.817402068465168,994404569.1401209,39406683.91005037
2018-10-22,3.8643485930849732,1011832935.6122584,56780983.11915729
2018-10-23,4.233485772671465,1099976702.0181136,67081650.437249236
2018-10-24,4.263968588843047,1108554251.4633815,97446415.859447
2018-10-25,4.594574802707021,1181003688.1507916,46965792.231593795
2018-10-26,5.257321084771443,1375270992.6864703,123805679.78884633
2018-10-27,5.721470793794539,1486424501.2461636,94154842.87095357
2018-10-28,6.41624673360909,1677733734.3813236,136705073.21189842
2018-10-29,6.706647732382283,1732564478.9479501,122560651.23753116
2018-10-30,6.117657911972685,1614662623.626382,134130068.36753744
2018-10-31,6.657339688114339,1741080410.398057,133124403.50118582
2018-11-01,7.908749783879188,2067531944.1291592,198992540.37720096
2018-11-02,7.84013833144138,2066515667.7340856,155211915.61724132
2018-11-03,9.021720125352658,2347978417.7784863,151648521.93150106
2018-11-04,9.200179305161805,2396719732.1723113,201126010.15108156
2018-11-05,9.228804888243197,2426763287.306892,114926769.55619727
2018-11-06,8.713969623823095,2299907027.7197843,116673415.15525527
2018-11-07,8.727632198363525,2299584697.079879,111434979.06446631
2018-11-08,8.847305421008814,2319301370.904806,109980858.18916675
2018-11-09,8.30280602969779,2184260799.960396,72282574.1446148
2018-11-10,8.231931006463842,2173930631.1428275,95778536.21248828
2018-11-11,9.01266263252076,2375754523.610692,93285838.88247588
2018-11-12,11.440869401894185,2993685734.1051297,337882476.3629094
2018-11-13,10.044733825464117,2615417098.0195026,151686888.40429655
2018-11-14,11.113402936910099,2943199329.545796,185663015.63880062
2018-11-15,14.423730533387301,3751426598.9179907,745502104.7831652
2018-11-16,15.15827794507358,4014384609.485051,1244332504.0368009
2018-11-17,17.471803640467495,4630153132.806194,653765450.5243506
2018-11-18,13.811009065584933,3670715311.01561,528005152.61285347
2018-11-19,13.668935958977311,3630663218.351275,439215087.7936575
2018-11-20,13.310965118755187,3502097092.0348463,331645301.8971598
2018-11-21,13.030769065831386,3482110143.44744,388225411.00663006
2018-11-22,15.030085685643074,3973508157.3198123,392440888.40344346
2018-11-23,14.010086254280449,3703367097.5839825,225140396.16056278
2018-11-24,14.131003508942642,3742765612.839295,196774080.8443388
2018-11-25,13.115024093723461,3465889173.00098,147658517.89297044
2018-11-26,12.63107017877297,3328224948.5193915,114430118.94230543
2018-11-27,13.068095512982284,3455484976.176569,151724548.43234462
2018-11-28,13.917187045269639,3683032789.5785527,176392184.74589956
2018-11-29,13.640225836910282,3627821384.30089,135033736.39428464
2018-11-30,14.866607085296575,3948666694.263174,167995189.73188934
2018-12-01,14.233539653620891,3801048410.6381907,146460475.43541464
2018-12-02,15.976571418630938,4251534865.370938,296645197.9026507
2018-12-03,14.598623129754035,3904039878.018883,234666311.88987264
2018-12-04,15.318478663846857,4102822643.225109,187955914.4581912
2018-12-05,14.567314052136112,3914890622.8352118,111823964.28382453
2018-12-06,14.163365885178607,3802503168.3197436,133187836.15549983
2018-12-07,13.689313740219452,3652666107.3940897,144943707.17130157
2018-12-08,14.277756264275158,3813907144.3630457,118128026.42254479
2018-12-09,14.26867567597296,3818502582.108464,98337016.85098365
2018-12-10,14.182866696542028,3784530964.203633,86842533.95631836
2018-12-11,14.275804030345455,3827195162.447837,86343402.39593284
2018-12-12,14.306229754951788,3820743747.1802936,79484161.8717318
2018-12-13,14.870337482227853,3996883816.28734,326592283.75572574
2018-12-14,14.194567786228824,3797038254.76521,133887151.90285721
2018-12-15,13.60393816401807,3673111725.425858,147906709.02353978
2018-12-16,12.964522758314372,3458196577.606995,143844943.83494917
2018-12-17,14.749054072098563,3952457817.8285327,183730696.64450446
2018-12-18,16.56643725364522,4447942286.041741,282806957.30753034
2018-12-19,18.008069673329885,4849136131.610755,534850426.5573704
2018-12-20,18.884890865843666,5060496028.96088,266282434.7053076
2018-12-21,19.175755751876615,5140859722.050636,320692680.3417659
2018-12-22,19.48663194355817,5229172252.453522,255371895.72794142
2018-12-23,19.05545051591954,5115358904.3969,213522852.9244486
2018-12-24,19.73831924627352,5287278539.188044,162070984.46377787
2018-12-25,22.598963045163597,6076766593.933186,600716419.5680904
2018-12-26,24.02282911560326,6459213598.5183325,536246712.90027696
2018-12-27,22.942985835974703,6143755028.531597,324307982.04602367
2018-12-28,24.989549183579577,6677871480.251414,404116807.87156296
2018-12-29,26.674732954277772,7244692415.792232,714313720.050788
2018-12-30,27.00514637240972,7238834909.900146,445724093.1060517
2018-12-31,27.784698122914115,7509326042.822403,351754156.4264195
2019-01-01,26.833966062021243,7243681262.228849,340108404.22059625
2019-01-02,27.817769827309405,7504132255.224255,293810895.92842746
2019-01-03,28.523980512399998,7668557969.184397,388174413.34322846
2019-01-04,27.569507268014537,7477651408.251167,327658007.71776986
2019-01-05,26.451516360520532,7124964901.168281,425296729.17071044
2019-01-06,27.82949194313198,7510746946.813054,267944999.8711866
2019-01-07,25.280265043287386,6847726667.985529,294302057.27032316
2019-01-08,25.01097915337799,6763365116.21136,259794445.97361812
2019-01-09,32.43000666656829,8839759827.800987,1456340755.9689653
2019-01-10,31.72514830005086,8636876765.15214,1138689654.5289679
2019-01-11,31.687792724714733,8638723481.256248,982110136.3637146
2019-01-12,32.31362189326206,8840620046.282288,916541281.5816183
2019-01-13,39.04180159309067,10546870753.411224,1619297323.1447806
2019-01-14,37.066889704359156,10009570403.266832,2170847454.238238
2019-01-15,40.74492271990316,11122055713.48721,1508721736.1244557
2019-01-16,47.66158942345178,12948847195.888565,2115947832.9145389
2019-01-17,44.4964806617465,12053853291.95677,1808647601.294896
2019-01-18,43.21796539788754,11730117463.908833,889450121.2961354
2019-01-19,45.039620110247284,12162250490.154093,1328456957.4543355
2019-01-20,42.5819452001649,11521025311.458416,1007552489.8800592
2019-01-21,42.995296352215185,11625206342.893156,715484397.6606659
2019-01-22,49.663394135648275,13505629296.647703,1107804038.4559028
2019-01-23,46.93452854649153,12731441940.852583,736253572.4014621
2019-01-24,46.08780894588962,12596937422.591501,754315146.457899
2019-01-25,42.70189409565587,11695753640.918264,850967614.8898401
2019-01-26,44.893093488124,12196654588.937687,632988283.9886094
2019-01-27,43.43782697098598,11848638343.099876,496643551.4017424
2019-01-28,43.072134333542394,11736620149.519144,628075167.8004643
2019-01-29,45.68567329638394,12483159691.847982,565022391.0665238
2019-01-30,44.35912616018185,12070625546.32745,631361237.6483146
2019-01-31,42.96048600238864,11724389834.30516,610750904.6029066
2019-02-01,44.72439581889054,12215743859.11548,587946571.6315473
2019-02-02,43.62157836926913,12440648899.351025,1387803968.4736757
2019-02-03,41.109968983538224,11096669650.829687,1273761712.5733151
2019-02-04,42.87180002955891,11689352286.167381,536552649.64154357
2019-02-05,43.46242757015506,11799908298.851982,617414124.1173804
2019-02-06,47.17666783643097,12808567896.878407,2249695072.220029
2019-02-07,46.861759616729216,12904194705.374098,2104910795.048521
2019-02-08,56.202009029292114,15371663655.587006,2063395663.2413113
2019-02-09,35.758844160586776,9921711894.075151,2921072601.0062203
2019-02-10,44.52570262534382,12171270499.157091,2519340039.6724825
2019-02-11,38.43160144697336,10430110171.295877,1807465387.1299965
2019-02-12,31.614601894528402,8668570148.20386,1134738458.8461702
2019-02-13,24.76763979126399,6741153859.711209,1988074629.747088
2019-02-14,30.98546737051786,8456340961.644993,1351443455.141726
2019-02-15,30.00644952590393,8200361459.252724,934610971.7223821
2019-02-16,35.65025364482327,9637728345.153328,1118628986.9193478
2019-02-17,33.659342590355116,9223068939.871315,662066528.4413192
2019-02-18,29.021948393257702,7915741496.510311,624114420.0451146
2019-02-19,27.55720416292785,7555682949.616899,402043440.13746035
2019-02-20,28.562287426658674,7786190305.535411,385506550.2941925
2019-02-21,32.66212259787656,8921358871.643251,556481220.8582711
2019-02-22,30.985238146398338,8466375153.864945,451120119.86649257
2019-02-23,34.18804885530961,9317118424.38306,526537332.91262364
2019-02-24,39.70667545056023,10988660955.92941,1003176056.3730243
2019-02-25,37.59916221822976,10271428908.065245,1090388198.6913736
2019-02-26,39.340010888406205,10611364493.458803,1151594281.2540836
2019-02-27,42.2598870528484,11508207254.494314,825017874.7335211
2019-02-28,38.19473236980912,10637505878.18168,942584607.2080762
2019-03-01,41.41714832962446,11375166576.681133,1825252143.252731
2019-03-02,42.07765252553618,11544497584.210085,1272173444.9534538
2019-03-03,41.205960702125125,11231058225.872488,624242377.7255889
2019-03-04,36.09038097242029,9831892846.255322,558803764.8352512
2019-03-05,36.568375266883066,10095207879.649364,584578781.8182625
2019-03-06,38.820386099134,10521989454.932697,488535747.5349405
2019-03-07,39.64405780180996,10808680336.53195,564059144.821838
2019-03-08,39.699499977153316,10852976029.829046,508646352.88739556
2019-03-09,39.54766089054998,10781816203.272686,636535388.3933998
2019-03-10,39.32721784794218,10638298323.849005,472927528.3029236
2019-03-11,36.624102572520556,10008182630.914902,481564015.6061824
2019-03-12,35.26048477919641,9621683962.87426,302280531.1963374
2019-03-13,35.284274899376165,9611623563.108702,507507928.94648
2019-03-14,26.59538136949911,7439425733.837019,836901347.2188203
2019-03-15,26.729201466247304,7157859824.732246,1371341088.6752522
2019-03-16,30.879003728161678,8377496849.572571,1203441656.8115778
2019-03-17,31.44053281154812,8585542319.490724,732654201.7448984
2019-03-18,29.23725923358748,7985242401.768215,737663786.9399918
2019-03-19,29.374776218716168,7914659494.026683,639618006.1446898
2019-03-20,31.67466281145659,8602431238.497906,572104299.6430303
2019-03-21,33.114180869076236,9040653316.656572,674515112.3947256
2019-03-22,33.92293267730953,9355893411.033453,645572532.2254869
2019-03-23,35.83440251659123,9784660089.64145,791091273.1745555
2019-03-24,33.55617113324256,9145093164.974165,663491276.6668489
2019-03-25,33.95890784245649,9219660440.797184,607351754.6625379
2019-03-26,34.46550620541941,9395489549.381342,462037406.3577414
2019-03-27,34.4488487549447,9396692749.038607,424937662.01328224
2019-03-28,33.120055451168234,9033978686.400785,436664234.535345
2019-03-29,34.291237666647795,9343669279.576614,499801292.4695335
2019-03-30,36.657274540397,9995196544.250605,727575218.1716276
2019-03-31,33.51414390083529,9137574846.549248,691932146.2056346
2019-04-01,33.5318526308046,9138440436.827877,454190333.1445893
2019-04-02,31.939202343364617,8716478997.829847,415853889.1192226
2019-04-03,32.12329223606849,8760359617.466415,296169725.62816095
2019-04-04,30.95347402705691,8429306463.204107,312330343.18604004
2019-04-05,29.16206823389161,7953342249.0019,270392426.0783131
2019-04-06,31.23600101808439,8488446183.42694,474454643.50580245
2019-04-07,28.323537434952385,7712932810.684437,469048384.9902478
2019-04-08,26.26323282766065,7168957057.321149,372119879.07038826
2019-04-09,26.79168755465958,7314497718.903992,292646432.68583465
2019-04-10,26.893938948659173,7331794881.762145,227071207.7156284
2019-04-11,24.816200542365436,6774142705.91918,370348465.20546126
2019-04-12,23.858446096960066,6500208589.083082,422162867.9308267
2019-04-13,26.672396972929985,7243897344.253764,573149420.4413202
2019-04-14,27.762978035532324,7561860534.399218,375801784.2134339
2019-04-15,28.37606777419007,7713349030.470103,407425804.48123944
2019-04-16,28.590333033238007,7794117620.737434,363380694.2290097
2019-04-17,28.318817766435266,7718142916.945531,316495335.58890283
2019-04-18,28.096697946304417,7706970297.480305,755245025.2497616
2019-04-19,27.951131012641863,7591579830.598075,375190958.3560945
2019-04-20,27.871801252229435,7595729558.871121,324323976.86976814
2019-04-21,31.41657633388534,8603692851.645973,490243888.02364147
2019-04-22,32.252691819301624,8782089188.680168,673479026.4084785
2019-04-23,36.24876035531609,9870964496.720772,614044704.3846236
2019-04-24,34.17251166927062,9272656715.856787,548581372.50092
2019-04-25,33.27511835038949,9090469010.815338,463809054.21566033
2019-04-26,34.3401202664068,9368039157.991346,535386826.38300115
2019-04-27,35.90548260385135,9803376069.99858,453652890.7804349
2019-04-28,37.47983512479931,10217649265.24856,642276103.3968464
2019-04-29,39.53990291552664,10788517295.598755,634966886.3440547
2019-04-30,39.38262634342374,10716940358.779821,567721952.7291353
2019-05-01,37.66581962149719,10274392698.30968,387950835.5915774
2019-05-02,38.76250121094557,10540000830.327097,392755194.37425494
2019-05-03,40.66298980944724,11060502356.763584,512007043.4016342
2019-05-04,41.79949265382151,11911671445.966951,518467624.0711313
2019-05-05,41.19014957214054,11719191265.4597,501994574.0018019
2019-05-06,44.69284014294085,12659136195.430464,536710066.6718894
2019-05-07,44.06280236603161,12632010978.831278,375775175.2451106
2019-05-08,53.67834815759493,15290073919.010557,1453940559.4346285
2019-05-09,62.27708029189766,18474853367.365612,3744578512.779988
2019-05-10,64.30343710651606,18770890602.314026,4071432568.0452485
2019-05-11,74.0048019564342,21274810508.661808,4552452964.336096
2019-05-12,73.04851676946942,20809209324.240616,2751968421.5578585
2019-05-13,78.44870433277,22425622491.819256,1816393865.8523588
2019-05-14,74.21792558317044,21281170312.308853,1502846889.7352061
2019-05-15,73.12559205921369,20991469522.08777,1004789455.2040088
2019-05-16,75.97033641124439,22022469783.777603,1376624102.1938393
2019-05-17,71.21280823557079,20724670218.176235,1645439131.9405804
2019-05-18,71.5109402153286,20802776475.036793,1460931375.1285913
2019-05-19,76.11361963601048,22227352877.21953,2687938993.535464
2019-05-20,87.96820731391372,25629594571.27215,3193853129.576366
2019-05-21,97.06666833226845,28329094352.267193,2343520709.0638256
2019-05-22,94.00977412300858,27304152716.88658,1619244457.9764173
2019-05-23,109.6467328393857,31920673369.62922,4827155957.583222
2019-05-24,108.70637640163673,31632430274.413536,7097442296.82563
2019-05-25,110.81781609465583,32218252304.33078,3649705606.8515778
2019-05-26,128.67418646306453,37338512656.086975,4623249675.435575
2019-05-27,146.35759448244343,42571321335.873764,6871215127.90067
2019-05-28,139.59408991633026,40720531105.91831,3607645007.288397
2019-05-29,142.13561416692806,41412015757.628494,2711248607.007888
2019-05-30,164.56092375980077,47904979408.22902,5245858966.571948
2019-05-31,173.31109531018657,51322390022.245636,16149087501.300968
2019-06-01,189.3444533132092,55627271034.27753,12034756697.736256
2019-06-02,188.2759415810392,55264334912.28869,12182432665.179003
2019-06-03,178.31957000068277,52325632036.02054,6992113162.711526
2019-06-04,177.94240190335438,52220905554.677574,5327211599.2398405
2019-06-05,174.88132072034375,51473851354.0501,3006790022.730882
2019-06-06,169.277346931387,49653193581.09068,6270536793.440139
2019-06-07,157.37799350381528,46493824080.66087,5484253084.148819
2019-06-08,158.59633983839294,46994383928.494865,3973589945.002292
2019-06-09,151.94834110204062,45094080634.83586,3163024291.1889153
2019-06-10,147.58433443491424,43906621683.99821,4637329446.05819
2019-06-11,170.10982401213687,50565779823.43124,5288896343.368672
2019-06-12,153.326441718045,45589411995.17647,3442771809.9303317
2019-06-13,133.36872474347524,39478971644.30225,5652873068.780831
2019-06-14,122.69238861731206,36248052948.592964,5306957386.522338
2019-06-15,148.3293541912427,44125796474.8162,4912176158.173082
2019-06-16,150.3896531797567,44686382478.55573,3353529940.5091395
2019-06-17,139.31414597542954,41548029058.16029,3863693217.85245
2019-06-18,136.8354526288871,40572796552.98121,2059643190.9342535
2019-06-19,135.79593311002097,40356234736.375404,2683407146.306161
2019-06-20,136.25952148124458,40533909717.20195,2989640865.287466
2019-06-21,130.60489190775277,39030320223.35616,2409481752.9774637
2019-06-22,135.27916281520976,40196990252.30242,2423220767.1797714
2019-06-23,141.1837464924982,42018890336.78696,2213933967.637082
2019-06-24,161.3740294980268,47883980396.73367,4217104529.3629045
2019-06-25,169.20884384676515,50355827427.96756,3290801786.0451536
2019-06-26,172.855870204067,51567116629.13389,2990394711.9668913
2019-06-27,167.8779097499281,50072719494.08351,3108612675.2047114
2019-06-28,164.36927639016088,49008643389.98899,2550034958.9268904
2019-06-29,154.09462360903782,46002942256.337265,3216047716.7546687
2019-06-30,154.25988506624046,46145608847.85937,2469488735.063495
2019-07-01,158.91461108327633,47345863609.85284,2714913213.201317
2019-07-02,157.3354214402797,47177850270.14671,1421850535.6544025
2019-07-03,147.69627281665322,44343249688.30569,1495896606.8269508
2019-07-04,144.85910794492872,43203031420.33364,1718475615.2479117
2019-07-05,152.00078829875227,45622740431.63671,2766260744.0121436
2019-07-06,148.39205395880688,44499473671.88846,1975667394.423865
2019-07-07,150.09136322362892,45052609321.74922,1912976981.956736
2019-07-08,162.9821748166483,48823858407.19429,3892259612.8294525
2019-07-09,158.27370286236626,47599650302.30947,1481556354.0119083
2019-07-10,159.86349202431006,47919023512.03581,2132944251.543325
2019-07-11,157.37532489090881,47243856329.811134,1619036320.357656
2019-07-12,156.39068064885493,46992561227.938385,1345983825.3265061
2019-07-13,175.60195629220317,52336972845.39368,3069126856.4038467
2019-07-14,189.05931890382809,56745796681.7565,6298926456.006809
2019-07-15,197.83389968834183,59570438795.92708,6789555146.637215
2019-07-16,198.30695225047282,59635176948.857414,2951218516.1830873
2019-07-17,203.16528895289179,60949072513.08539,3114589452.2112665
2019-07-18,211.19080150794161,63765586638.26856,4469234352.347065
2019-07-19,199.75011389046043,60474514072.54135,3052799572.7936416
2019-07-20,183.54274956995576,55282416869.143555,4812686988.408542
2019-07-21,195.08625966302498,58664473682.87197,3385641009.2162027
2019-07-22,199.7845325480303,60296944148.15687,2703331790.5309463
2019-07-23,193.33785373845146,58207049317.824005,1651079244.1462584
2019-07-24,202.39144718715852,61090424896.042694,2508960378.247013
2019-07-25,203.81420779167425,61206174446.06882,3098391561.698444
2019-07-26,220.65381148740764,65196157014.88239,2953101041.2490163
2019-07-27,242.04614187434888,72820184828.91289,5949095156.100889
2019-07-28,249.06288567609292,74509034095.48589,4457165321.346256
2019-07-29,237.88946143331174,71642292583.50812,2814464970.6926665
2019-07-30,259.23955828664066,77427308372.12741,3906155465.660115
2019-07-31,250.36479323196647,75738472890.52711,2644011982.2496014
2019-08-01,248.8224986641578,75445282061.2759,3223918132.658522
2019-08-02,239.42042668071062,72453801809.51566,2681222975.329351
2019-08-03,233.07366976619127,70391383039.29988,3800891475.935171
2019-08-04,234.8643324134869,71231238187.65797,2618456168.353021
2019-08-05,229.39855731141944,69321107450.57858,2941595137.276679
2019-08-06,241.33480045995515,72948327032.41917,2171331102.080433
2019-08-07,239.51447253719712,72218517508.24437,1611356876.8775847
2019-08-08,238.76462750446106,72198022029.53314,2359326721.661139
2019-08-09,220.09764163324894,66832143637.96159,3508776790.4518046
2019-08-10,219.10555534624334,66086823807.616,2879294187.4798455
2019-08-11,195.0785065693146,59087558120.593094,3731836544.9342785
2019-08-12,215.83494421153327,65296328677.09514,3291840770.3925467
2019-08-13,218.32939968667216,66281609248.12345,1870041532.1098204
2019-08-14,232.44114562844396,71043502688.01355,2555181056.256027
2019-08-15,216.39900684614148,65724676692.43798,3174537421.979065
2019-08-16,222.09815823221743,67490798261.18599,2144049180.216279
2019-08-17,205.54865275061945,62457339767.62576,2339653646.046749
2019-08-18,209.79215190984442,63900196618.38859,2227843775.4152346
2019-08-19,192.14742617788187,58390912497.66776,3216471568.33627
2019-08-20,192.13619982447634,58410646819.21711,1351630152.313059
2019-08-21,200.46141949418416,61094490229.682304,1935383257.029555
2019-08-22,204.35042327956776,62325150548.69784,2007398408.756795
2019-08-23,208.705589094445,63510180677.8961,2697160307.738946
2019-08-24,229.4487239706693,70172175382.70602,3392086055.2374334
2019-08-25,232.57222783967566,71252377813.81462,3994513448.87254
2019-08-26,212.13388531266622,65135413411.05541,3755641183.1718
2019-08-27,200.94131044922477,61293686195.46672,5616789175.450751
2019-08-28,196.56894708665507,59802410642.4824,3228917298.9251223
2019-08-29,193.89173190285274,59370079864.68529,3396199570.300543
2019-08-30,190.37257114243482,58418632345.764206,2433284110.293539
2019-08-31,194.30116864643182,59595483461.428604,2194875795.1411276
2019-09-01,181.75158018469773,56181625087.33603,1858809298.6431613
2019-09-02,169.46107045067666,52395376111.97878,1946102466.4617343
2019-09-03,171.84456471947678,52819332275.01751,1791152660.6944845
2019-09-04,173.73511343008292,53334889635.756134,1094395903.4166248
2019-09-05,155.08489768608015,47995350984.2677,2372386156.3035607
2019-09-06,161.06018556882867,49398872819.44277,2156901491.5380054
2019-09-07,178.2619337658359,54610048507.25148,3458991299.158227
2019-09-08,176.80558474391322,54368442494.9893,2454635867.467667
2019-09-09,175.79063841353098,54006293233.102875,2355530732.258781
2019-09-10,182.9705669569821,56393839315.24814,1440763837.45392
2019-09-11,179.93839883526266,55790507174.071236,1441246078.159062
2019-09-12,174.37115871651199,54061922630.24034,1718453799.121433
2019-09-13,180.12601919521373,55570757138.288246,1539489579.1213927
2019-09-14,178.57398150636655,55058052155.04185,1635078520.6954496
2019-09-15,190.51215929842786,58709806077.205986,1932687191.4099677
2019-09-16,190.4403687480951,58852086815.42499,1997417409.1442204
2019-09-17,193.28925387578548,59797071721.913025,1257985154.9824424
2019-09-18,198.19740128641658,61198787207.68108,1747475952.8078868
2019-09-19,196.0391793952204,60810349839.61329,1631730024.3256166
2019-09-20,178.29769922040717,55425780679.24532,2541804765.839321
2019-09-21,171.27231463236643,52726687301.09404,1935535240.3698783
2019-09-22,172.50889438021562,53261290659.86848,1379259729.504835
2019-09-23,170.1966082645718,52907181305.50652,1380634374.4823568
2019-09-24,178.88879762342907,55089640249.096664,960138212.5274444
2019-09-25,176.32149989503122,54604426218.58956,846802662.8993707
2019-09-26,170.57083886740085,52886550470.82176,1152100392.329671
2019-09-27,168.0394848714517,52272480718.14088,1361207424.18007
2019-09-28,155.71670664692078,48184360964.1156,1980976064.6564603
2019-09-29,150.72362465772903,46854691785.8186,1922945442.8085198
2019-09-30,136.6133086353095,42610750948.59599,2713161094.7767363
2019-10-01,142.37691491093904,44680435604.26222,2495097582.9222703
2019-10-02,140.97069019412947,43844556062.79441,1383486991.2692618
2019-10-03,135.98215275078118,42320546842.20343,1797340432.3285239
2019-10-04,140.2633692449685,43823867475.83328,1407732234.4002852
2019-10-05,151.92225384391546,47534063482.95965,2048461630.20183
2019-10-06,146.8991625118502,45924153329.20764,1972169296.5769014
2019-10-07,146.31283636345285,45849250868.07178,1627092109.7732365
2019-10-08,147.70351003866236,46337099650.87288,1003160676.7114657
2019-10-09,147.94236767494985,46450557289.26664,1064526626.2870606
2019-10-10,140.0483723855377,44032309573.9257,1342939698.2979736
2019-10-11,141.634144063378,44575080930.62185,1327500384.0270393
2019-10-12,135.5936205367398,42848572759.496826,1310094891.479366
2019-10-13,128.56948450207307,40727678847.05303,1371674053.2248023
2019-10-14,111.77542786353777,35070043876.86985,3853056390.3720913
2019-10-15,94.51541078123918,29665575896.047955,4095835932.6350746
2019-10-16,99.69162217459098,31290905178.53205,2611991894.5389414
2019-10-17,91.91541131637003,28909954628.237045,4359827042.558423
2019-10-18,95.09282864333939,30084800205.779095,2614011846.1962757
2019-10-19,92.24801292004712,29243771848.310368,2847753595.488201
2019-10-20,89.60158614183815,28179557560.867977,2421524797.0656857
2019-10-21,91.42580267920562,28786945733.928276,1882874786.6910908
2019-10-22,96.17869128153504,30216232718.877556,1478946858.3603432
2019-10-23,93.40252902879779,29427732656.729218,941974724.429482
2019-10-24,99.88984753621435,31354693276.844906,1715569710.5342922
2019-10-25,110.12732330616494,34784263657.23243,3097993266.654722
2019-10-26,101.8292164519742,31975373921.89307,2979450302.616579
2019-10-27,100.87832034717168,31833368519.650074,2283972523.6144795
2019-10-28,112.48079518340074,35127905584.898895,2844877285.5932903
2019-10-29,114.33315412383556,36087037718.41055,2104149883.5664315
2019-10-30,115.2834781341491,36521264719.12104,1281443040.6022959
2019-10-31,117.67187313780884,37305112916.66873,2230152722.515911
2019-11-01,113.69745549618692,36125330680.249535,2354525277.711969
2019-11-02,114.34358742446604,36294064610.281944,1634212051.3702943
2019-11-03,106.41810262178213,33826915836.727123,1963719800.2645695
2019-11-04,96.46324431285534,30597070580.09104,1738208639.1534996
2019-11-05,95.70003429059713,30347618773.26294,1336515340.137724
2019-11-06,93.36714504855237,29672733160.79642,910049119.2353679
2019-11-07,96.44224243421378,30784741416.87896,1364915626.6617208
2019-11-08,104.85069673096622,33579862333.60316,1630619496.195204
2019-11-09,101.95613259465958,32707737720.154152,1473078677.1202588
2019-11-10,93.4045235835354,29918359231.26159,1463178693.3773677
2019-11-11,90.10899056118771,28828455911.828396,1290677352.6433926
2019-11-12,91.60559213966147,29209068299.47004,836883423.9090565
2019-11-13,90.80316641928688,29261491189.686405,1428521632.3321967
2019-11-14,83.14387140523519,26727888651.40893,2247461489.9635487
2019-11-15,86.57269722666857,27744256745.686615,1577877587.2386572
2019-11-16,85.26903088293193,27294663661.65063,1761310724.440881
2019-11-17,89.05132726925892,28497445445.309517,4075674086.526734
2019-11-18,92.73641556746163,29919961866.348053,2417499269.8008738
2019-11-19,90.10798522206623,28767659413.525894,1316252928.3341599
2019-11-20,85.56819666616444,27360038516.30834,1559328417.4245245
2019-11-21,99.57917400308274,31846087892.82589,2674553479.2180743
2019-11-22,98.75845247572444,31569373571.96833,2476563020.453062
2019-11-23,100.78986523175992,32379126078.839725,2951039198.751416
2019-11-24,95.55882629437178,30435232238.200184,1795535826.5550518
2019-11-25,88.2451628518882,28319787092.93302,2029343357.151517
2019-11-26,89.78895188514215,28439402258.606415,1164108659.2733207
2019-11-27,84.63923583859497,26835926882.34714,1139246888.3328228
2019-11-28,82.06724918865827,26300808792.830048,1884457926.903441
2019-11-29,82.25360674455618,26425486647.51813,1704061421.1695168
2019-11-30,88.185052838507,28509710713.35766,2082131364.035624
2019-12-01,83.02500801904657,26526485356.294556,1706781764.3768432
2019-12-02,80.69121367419427,26163052143.35841,1382838751.097293
2019-12-03,81.60999773356421,26366084285.169167,776192786.1232313
2019-12-04,78.99818199674436,25452866391.0416,949636517.694404
2019-12-05,81.16870194524185,26140341333.7746,1317770720.4689145
2019-12-06,82.94439063872372,26592730954.19203,1247125823.1505735
2019-12-07,87.84993508447106,27984951680.550426,1872435776.0194497
2019-12-08,87.96768776096062,28483849999.645226,1939375410.1723945
2019-12-09,89.90595375292516,28795996368.61534,2216690010.2438216
2019-12-10,92.40408532356939,29598406487.051815,1493437229.1232493
2019-12-11,88.59618802144291,28394223139.824287,954767656.0285732
2019-12-12,88.7701729513472,28382479439.33157,1145750669.0417037
2019-12-13,90.50413587116581,29048148956.10171,1405727754.2331312
2019-12-14,94.9197584526827,30612053298.879955,1433431548.5448608
2019-12-15,102.1802283204168,32979523332.775997,2412096877.261528
2019-12-16,98.6467426834056,31980590349.304367,1817213990.6348524
2019-12-17,101.64121040495988,33176556212.500633,1009509747.3725619
2019-12-18,106.90984972476438,34802243172.81474,1301984880.0039117
2019-12-19,106.24001892236811,34753559141.629364,2396330997.762824
2019-12-20,111.74644646494659,36192035879.28324,2434694052.670127
2019-12-21,120.6985421756732,39218225944.819916,3208462667.358372
2019-12-22,122.76130420785864,40036171559.14788,3421557221.672948
2019-12-23,134.3709278834371,43736096533.81698,3831716307.2558904
2019-12-24,132.265543980239,43260457424.49813,2989201592.6587396
2019-12-25,136.6745408370863,44426659281.57661,2277967480.691483
2019-12-26,132.34498367671756,43072219169.516655,2483670638.13783
2019-12-27,126.60568047767862,41374924383.733,2136267271.3883832
2019-12-28,112.52902554657368,36929750315.179565,3198015612.875086
2019-12-29,118.68839511414586,38892547341.88895,2381088467.183991
2019-12-30,109.69148769667358,35663008069.967834,2314898911.4950137
2019-12-31,113.00645605235755,37007525656.87938,1201163544.2593207
2020-01-01,112.17415972141916,36884144376.64433,1163112953.8060896
2020-01-02,99.4525253186753,32731502385.0518,2180410357.199723
2020-01-03,103.5030349870942,33941121649.55018,2285179235.3492475
2020-01-04,104.84447690095557,34394710741.73072,1533589774.7178605
2020-01-05,100.73923844736916,33098172133.64845,1652768959.5959563
2020-01-06,101.34727865599696,33734041429.04125,1039846461.4171497
2020-01-07,102.31192588830538,34194983211.01313,753838887.3536072
2020-01-08,100.4425980848116,33314012331.385365,1010545062.3745848
2020-01-09,102.2653514381208,34026715047.300804,1645729150.7199407
2020-01-10,108.54104696942882,36133130809.64366,1691707373.133408
2020-01-11,105.5952606987279,35158424198.86379,1664918521.578962
2020-01-12,101.80288174581625,33918138036.798676,1757789782.5788085
2020-01-13,100.63914018210745,33613226147.45872,1204999233.8086708
2020-01-14,100.76479327231522,33668501950.9363,778991677.6991111
2020-01-15,99.17128671058997,33192811336.931053,819713309.5195763
2020-01-16,101.29344264300205,33812175574.169964,1553588587.2853208
2020-01-17,95.71302246920415,31900244698.208424,1216992668.6442692
2020-01-18,98.3678448915887,32839728894.8058,1141929423.6020868
2020-01-19,98.00485093884978,32699186204.272743,1172675512.7221277
2020-01-20,94.09484079716263,31459421205.330902,1226739530.418352
2020-01-21,85.30298356157343,28318851858.6442,1165702569.1965828
2020-01-22,89.73834617404604,30026659597.990982,1353041268.675068
2020-01-23,87.6049851260926,29293697485.51745,1159472392.7641306
2020-01-24,85.88113182978256,28715318659.659317,948338116.737006
2020-01-25,92.82061835080546,30994771499.55642,1327465205.0892406
2020-01-26,84.62182696838384,28284214619.368317,1637132124.7174425
2020-01-27,81.76031251495388,27380670118.60705,1446023145.0954676
2020-01-28,79.1909801214645,26603063057.69169,1090782916.94857
2020-01-29,74.92241129843457,25191538889.48352,1351838825.944728
2020-01-30,63.59080375212239,21563497316.93072,2515612885.9428644
2020-01-31,66.73197492092409,22405510212.754276,3263209052.6573524
2020-02-01,50.32055764767889,16302314327.382017,3882793179.2718267
2020-02-02,44.64907159879217,15038211406.02383,3786283031.466092
2020-02-03,48.604749742620285,16446880063.642275,2460641108.5750523
2020-02-04,52.53693016663614,17710082184.40001,1495503985.9666162
2020-02-05,58.845207179976505,19795956495.33785,1436230716.4213793
2020-02-06,53.64872755824407,18091955633.77028,1827404198.1845071
2020-02-07,57.41976646466422,19373241293.241146,1508263415.4674506
2020-02-08,49.76196637946705,16804431123.837723,1511110400.9093611
2020-02-09,52.332264069475926,17743141448.602818,1653750850.1835728
2020-02-10,49.58463231269403,16857955013.649868,1528688330.072058
2020-02-11,50.34352259407359,17117178967.638582,834922127.3080446
2020-02-12,52.767400507738245,17927983077.406696,907949758.6084307
2020-02-13,49.12044024307904,16667943417.370811,1478212937.8255913
2020-02-14,49.636798974862586,16838184202.890331,1373294087.332745
2020-02-15,48.056134850350986,16335715467.127663,1161803907.879002
2020-02-16,43.546922400599904,14806873946.379969,2324631757.4733853
2020-02-17,40.99753816385139,13886425335.92009,2080433059.2963018
2020-02-18,44.46481243620848,15147901018.996235,1266578193.285666
2020-02-19,44.92918554220565,15240706243.752535,1285770588.8691306
2020-02-20,47.19388053427913,16054338780.311176,1756204402.2952044
2020-02-21,45.97177874707522,15607744325.008366,1569956999.7450187
2020-02-22,40.24040840767166,13719294294.809011,1528211460.429582
2020-02-23,40.889861237118055,13925500009.440636,1645018556.665849
2020-02-24,38.27578860880165,12945160667.449034,1353892685.3609943
2020-02-25,38.977511864594476,13170913879.692818,1126087087.4100382
2020-02-26,38.46322506754232,13116723564.811241,1070849320.4790895
2020-02-27,42.41060097547512,14456497792.40814,2033441074.0264156
2020-02-28,39.54988117863195,13508568426.035679,1810983946.8089595
2020-02-29,38.84247541383652,13274452699.317907,1249666784.6492941
2020-03-01,39.968293957459224,13674820596.04396,1272667344.2176604
2020-03-02,37.08479689474987,12668804911.432922,1271100605.4660854
2020-03-03,33.807388422050096,11572660691.705263,1218255700.9094672
2020-03-04,30.743227017287673,10608680978.318361,1436075943.2407134
2020-03-05,28.19296638841233,9406103235.502136,2782439336.108326
2020-03-06,29.71678758953202,10187884853.022085,2251274075.1695733
2020-03-07,34.488080805614366,11709149277.269354,2629566358.3757453
2020-03-08,30.07068349379034,10245461840.006529,1921578627.3777452
2020-03-09,30.872720498925386,10611942137.884016,1356441011.606505
2020-03-10,31.81920871210764,10801954806.837732,1985976665.1509438
2020-03-11,34.19205503380821,11668548379.070122,2107037437.9519136
2020-03-12,35.469042360178356,12160553284.461643,2113624516.41859
2020-03-13,36.13937945011591,12360022351.807024,1722909851.6266644
2020-03-14,34.23012589505999,11762783422.768148,1510462542.9317844
2020-03-15,38.21182318782288,13147607750.937174,1701452303.388661
2020-03-16,42.477220280035226,14600518798.303469,1721984760.7703247
2020-03-17,42.386373142046885,14506227735.872713,1289448179.9335928
2020-03-18,39.498441762282916,13523527664.973293,1153549984.9586856
2020-03-19,38.50106935796682,13201680175.256578,1122612570.61606
2020-03-20,35.326033591585926,12087889411.018717,1243120766.4066389
2020-03-21,33.91501146159494,11618504834.1876,1300629589.7344081
2020-03-22,33.31459552878431,11335169279.75531,1194361731.4780726
2020-03-23,33.03847781026744,11439454289.183853,1323586234.6518767
2020-03-24,33.42207503046209,11471587893.148573,649702017.3097271
2020-03-25,33.44782701859301,11480814253.62638,567550823.1229583
2020-03-26,36.77949394045729,12596079600.052696,986918298.1842804
2020-03-27,35.32196887460825,12138245305.30001,1434571719.0946403
2020-03-28,37.09265792987144,12734796275.5487,1290650060.4876883
2020-03-29,38.546664352464504,13277309359.948143,1133093192.2844696
2020-03-30,38.594429443195615,13380490031.557814,1426352674.1079457
2020-03-31,38.06013313228005,13134459003.717667,623415737.825602
2020-04-01,36.72673590110457,12680872339.650648,648503659.1497688
2020-04-02,33.50915025006571,11600411536.227007,789921907.7126
2020-04-03,32.81893154431144,11406193662.951624,821873017.4891754
2020-04-04,34.94649867641145,12072416721.326193,1220534706.7691572
2020-04-05,37.17597728466076,12850093050.016483,1328292764.1162877
2020-04-06,37.44045111321192,12938130582.027664,1325304479.5640984
2020-04-07,39.60146830743091,13666217564.389097,1064139738.9007052
2020-04-08,38.62422664809307,13432332940.686584,1087710892.947254
2020-04-09,43.68127821391667,14864108116.482193,1523091935.5722816
2020-04-10,44.92662577061741,15517487195.968199,2407640203.1217437
2020-04-11,42.19129439126226,14654904729.64616,2006723913.839469
2020-04-12,43.18589352726285,14946518783.24268,1862704596.082017
2020-04-13,40.57509235571396,14004906061.876736,1394893424.65535
2020-04-14,40.12586568362252,13860175820.994202,992235932.5388896
2020-04-15,40.98522629187172,14275526154.880024,868436701.4011792
2020-04-16,36.70021199705349,12694337922.664095,1165279221.010389
