datetime,marketcap,priceBtc,priceUsd,volume
2020-07-13 00:00:00+00:00,0.0,0.00052969,4.8962944,28340.0
2020-07-14 00:00:00+00:00,0.0,0.00054029,4.98914554,3959.0
2020-09-22 00:00:00+00:00,130377920.0,0.0005051258047442143,5.32154773666,292147389.0
2020-09-23 00:00:00+00:00,86673148.0,0.00034586896539791037,3.53767951152,124956473.0
2020-09-24 00:00:00+00:00,112078806.0,0.0004255703264763798,4.57464514463,97361857.0
2020-09-25 00:00:00+00:00,115569329.0,0.00044076854955949044,4.71711545311,56756616.0
2020-09-26 00:00:00+00:00,111288703.0,0.0004223619827860951,4.54239603718,27444599.0
2020-09-27 00:00:00+00:00,113446046.0,0.00042980658630141136,4.63045085391,23600945.0
2020-09-28 00:00:00+00:00,103009384.0,0.00039223977563881913,4.20446466965,21079012.0
2020-09-29 00:00:00+00:00,101560685.0,0.0003821384402310472,4.14533410017,16820095.0
2020-09-30 00:00:00+00:00,105985507.0,0.0004011065939818276,4.32593907664,16360860.0
2020-10-01 00:00:00+00:00,101870024.0,0.0003914777133368087,4.15796014776,23093301.0
2020-10-02 00:00:00+00:00,96215332.0,0.00037133,3.9271564100000003,30467406.0
2020-10-03 00:00:00+00:00,98530659.0,0.00038122,4.02165954,11967394.0
2020-10-04 00:00:00+00:00,97047186.0,0.00037125,3.96110965,12949575.0
2020-10-05 00:00:00+00:00,97461487.0,0.00036856,3.9780198799999997,8980051.0
2020-10-06 00:00:00+00:00,86672616.0,0.0003336,3.53765781,15048998.0
2020-10-07 00:00:00+00:00,84447047.0,0.00032307,3.44681826,15674566.0
2020-10-08 00:00:00+00:00,95654837.0,0.00035768,3.90427907,15215458.0
2020-10-09 00:00:00+00:00,103764968.0,0.00038278,4.23530482,13043373.0
2020-10-10 00:00:00+00:00,98654260.0,0.00035646,4.0267045,14539711.0
2020-10-11 00:00:00+00:00,100349044.0,0.00035979,4.09587934,11454885.0
2020-10-12 00:00:00+00:00,108185624.0,0.00038214,4.41573976,14445437.0
2020-10-13 00:00:00+00:00,109957318.0,0.0003928,4.48805379,14050398.0
2020-10-14 00:00:00+00:00,101676367.0,0.00036310000000000004,4.15005578,10004481.0
2020-10-15 00:00:00+00:00,101120150.0,0.00035905,4.12735307,6998970.0
2020-10-16 00:00:00+00:00,98991766.0,0.00035686999999999996,4.04048023,9790610.0
2020-10-17 00:00:00+00:00,102802213.0,0.00036943,4.19600869,6113717.0
2020-10-18 00:00:00+00:00,100843509.0,0.00035844,4.11606159,3717531.0
2020-10-19 00:00:00+00:00,99232631.0,0.00034493999999999996,4.05031145,5848392.0
2020-10-20 00:00:00+00:00,93153936.0,0.00031907,3.80220148,19646467.0
2020-10-21 00:00:00+00:00,97165987.0,0.00030927,3.96595864,23475819.0
2020-10-22 00:00:00+00:00,105703311.0,0.00033275000000000004,4.31442085,24178361.0
2020-10-23 00:00:00+00:00,104421592.0,0.00032959,4.26210578,19482074.0
2020-10-24 00:00:00+00:00,102647638.0,0.00031963,4.18969951,16681037.0
2020-10-25 00:00:00+00:00,101753649.0,0.00031871,4.15321015,15517939.0
2020-10-26 00:00:00+00:00,101943837.0,0.00031823,4.16097292,9243755.0
2020-10-27 00:00:00+00:00,100994954.0,0.0003019,4.12224302,17600881.0
2020-10-28 00:00:00+00:00,99631856.0,0.00030642,4.06660637,19435211.0
2020-10-29 00:00:00+00:00,92495145.0,0.00028094999999999997,3.77531205,6527859.0
2020-10-30 00:00:00+00:00,91015971.0,0.00027424,3.71493759,28434550.0
2020-10-31 00:00:00+00:00,89385018.0,0.00026474,3.64836809,20452535.0
2020-11-01 00:00:00+00:00,90225258.0,0.00026808,3.68266358,15953277.0
2020-11-02 00:00:00+00:00,88785916.0,0.00026744,3.62391496,20039697.0
2020-11-03 00:00:00+00:00,81652300.0,0.00023890000000000003,3.33274693,24573095.0
2020-11-04 00:00:00+00:00,78023509.0,0.00022532000000000002,3.18463303,20709819.0
2020-11-05 00:00:00+00:00,82276016.0,0.00021555,3.35820473,26135754.0
2020-11-06 00:00:00+00:00,88084417.0,0.00023097,3.59528234,33947029.0
2020-11-07 00:00:00+00:00,83383503.0,0.00022944,3.40340829,34653203.0
2020-11-08 00:00:00+00:00,85176647.0,0.00022459,3.47659784,26072941.0
2020-11-09 00:00:00+00:00,83719562.0,0.00022286999999999999,3.41712498,25509378.0
2020-11-10 00:00:00+00:00,87860485.0,0.00023453,3.58614225,24316551.0
2020-11-11 00:00:00+00:00,85366717.0,0.00022191,3.48435579,24727644.0
2020-11-12 00:00:00+00:00,84014012.0,0.00021067999999999998,3.42914335,25090677.0
2020-11-13 00:00:00+00:00,90596120.0,0.00022660999999999997,3.69780082,27584233.0
2020-11-14 00:00:00+00:00,85761890.0,0.00021785,3.50048529,24359587.0
2020-11-15 00:00:00+00:00,86646214.0,0.00022165,3.53658018,22702610.0
2020-11-16 00:00:00+00:00,90858223.0,0.00022189999999999997,3.70849891,27029599.0
2020-11-17 00:00:00+00:00,93878322.0,0.00021715,3.8317682299999998,23031677.0
2020-11-18 00:00:00+00:00,91842686.0,0.00021055000000000002,3.74868105,20818649.0
2020-11-19 00:00:00+00:00,88861608.0,0.00020356999999999998,3.62700441,21489339.0
2020-11-20 00:00:00+00:00,90909819.0,0.00019927,3.71060488,27416995.0
2020-11-21 00:00:00+00:00,98045475.0,0.00021467,4.0018561,25984283.0
2020-11-22 00:00:00+00:00,95304235.0,0.00021176,3.8899687800000002,25963010.0
2020-11-23 00:00:00+00:00,99676496.0,0.00022153999999999997,4.06842842,9013817.0
2020-11-24 00:00:00+00:00,104540663.0,0.00022330999999999997,4.26696585,30722083.0
2020-11-25 00:00:00+00:00,99212824.0,0.00021618,4.049503,28505942.0
2020-11-26 00:00:00+00:00,86428904.0,0.00020569000000000002,3.52771037,35408249.0
2020-11-27 00:00:00+00:00,88007730.0,0.00020996,3.59215223,6023810.0
2020-11-28 00:00:00+00:00,88800323.0,0.00020457,3.62450296,17509244.0
2020-11-29 00:00:00+00:00,90755634.0,0.00020379,3.70431158,3901221.0
2020-11-30 00:00:00+00:00,90317387.0,0.00018784000000000002,3.68642396,21457284.0
2020-12-01 00:00:00+00:00,87693302.0,0.00019036,3.5793184399999998,24719236.0
2020-12-02 00:00:00+00:00,91419743.0,0.00019433,3.7314181,5085526.0
2020-12-03 00:00:00+00:00,93637081.0,0.00019655,3.82192168,21038215.0
2020-12-04 00:00:00+00:00,87002661.0,0.0001899,3.55112901,23754809.0
2020-12-05 00:00:00+00:00,88570589.0,0.00018873999999999999,3.61512609,21215020.0
2020-12-06 00:00:00+00:00,88190418.0,0.00018607,3.59960891,20224612.0
2020-12-07 00:00:00+00:00,83107007.0,0.00017675000000000001,3.39212272,16909346.0
2020-12-08 00:00:00+00:00,76257606.0,0.00016989000000000001,3.11255534,23027417.0
2020-12-09 00:00:00+00:00,250966259.0,0.00017581,3.2619686,28583037.0
2020-12-10 00:00:00+00:00,242558706.0,0.00017261,3.15269027,29252855.0
2020-12-11 00:00:00+00:00,248953415.0,0.00017917999999999998,3.23580639,29224480.0
2020-12-12 00:00:00+00:00,256525881.0,0.00017732000000000002,3.33423057,24630224.0
2020-12-13 00:00:00+00:00,256281697.0,0.00017401,3.33105674,20722255.0
2020-12-14 00:00:00+00:00,241609020.0,0.00016316,3.1403466,27242747.0
2020-12-15 00:00:00+00:00,253888301.0,0.00016995,3.29994825,18320578.0
2020-12-16 00:00:00+00:00,257289971.0,0.00015691999999999998,3.34416193,21054734.0
2020-12-17 00:00:00+00:00,246910612.0,0.00014072,3.20925478,10227874.0
2020-12-18 00:00:00+00:00,261955148.0,0.00014715,3.40479821,23107656.0
2020-12-19 00:00:00+00:00,266941835.0,0.00014536,3.46961336,19919598.0
2020-12-20 00:00:00+00:00,254774649.0,0.00014104999999999999,3.31146868,18750351.0
2020-12-21 00:00:00+00:00,238321702.0,0.00013584,3.09761923,25892571.0
2020-12-22 00:00:00+00:00,237331482.0,0.00012986,3.08474871,24115911.0
2020-12-23 00:00:00+00:00,224373269.0,0.00012548,2.91632255,50329367.0
2020-12-24 00:00:00+00:00,238406607.0,0.00013054999999999997,3.09872279,29820498.0
2020-12-25 00:00:00+00:00,227326661.0,0.00011978999999999999,2.95470966,26360909.0
2020-12-26 00:00:00+00:00,224523073.0,0.00011039,2.91826964,21332105.0
2020-12-27 00:00:00+00:00,223591506.0,0.00011062000000000001,2.9061614799999997,24533711.0
2020-12-28 00:00:00+00:00,226766974.0,0.00010882,2.94743505,27088075.0
2020-12-29 00:00:00+00:00,225015155.0,0.00010689,2.92466554,25386162.0
2020-12-30 00:00:00+00:00,224841559.0,0.00010133000000000001,2.92240921,17031663.0
2020-12-31 00:00:00+00:00,241244545.0,0.00010811999999999999,3.13560929,18953615.0
2021-01-01 00:00:00+00:00,281960683.0,0.00012476,3.66482291,81260736.0
2021-01-02 00:00:00+00:00,268890418.0,0.00010878000000000001,3.49494033,50081958.0
2021-01-03 00:00:00+00:00,267198080.0,0.00010593999999999999,3.47294394,36997985.0
2021-01-04 00:00:00+00:00,276222732.0,0.00011229,3.5902431,39414734.0
2021-01-05 00:00:00+00:00,326014027.0,0.00012466,4.23741233,69735075.0
2021-01-06 00:00:00+00:00,355476681.0,0.00012547,4.62035724,77632627.0
2021-01-07 00:00:00+00:00,344417453.0,0.0001137,4.4766134,53715138.0
2021-01-08 00:00:00+00:00,446012601.0,0.00014209000000000002,5.79711037,100707264.0
2021-01-09 00:00:00+00:00,555372546.0,0.00017932,7.21853136,162227415.0
2021-01-10 00:00:00+00:00,506745603.0,0.00017172000000000002,6.58649594,96243972.0
2021-01-11 00:00:00+00:00,499636093.0,0.00018259,6.49408911,101394969.0
2021-01-12 00:00:00+00:00,598778011.0,0.00022942,7.78269988,157738757.0
2021-01-13 00:00:00+00:00,651411838.0,0.00022689,8.46681532,107370548.0
2021-01-14 00:00:00+00:00,712538308.0,0.00023633,9.26131505,154674301.0
2021-01-15 00:00:00+00:00,721670510.0,0.00025472,9.38001211,123418249.0
2021-01-16 00:00:00+00:00,990789095.0,0.00035596,12.87791808,302897986.0
2021-01-17 00:00:00+00:00,1015775623.0,0.00036888000000000003,13.20268392,303643624.0
2021-01-18 00:00:00+00:00,977221720.0,0.00034675,12.70157425,144213432.0
2021-01-19 00:00:00+00:00,907112574.0,0.00032688000000000004,11.79032094,147387064.0
2021-01-20 00:00:00+00:00,954909297.0,0.00034915,12.41156545,143245334.0
2021-01-21 00:00:00+00:00,870167050.0,0.00036691,11.31011639,166420741.0
2021-01-22 00:00:00+00:00,978549789.0,0.00038535,12.71883601,190313148.0
2021-01-23 00:00:00+00:00,990735832.0,0.00040156,12.87722578,140727865.0
2021-01-24 00:00:00+00:00,958937265.0,0.00038601,12.46391952,105137518.0
2021-01-25 00:00:00+00:00,940485904.0,0.00037768000000000003,12.2240954,89612475.0
2021-01-26 00:00:00+00:00,936546303.0,0.00037375,12.1728899,117575609.0
2021-01-27 00:00:00+00:00,860525340.0,0.00036753,11.18479693,97215395.0
2021-01-28 00:00:00+00:00,923265425.0,0.00035858,12.00026985,115201839.0
2021-01-29 00:00:00+00:00,894139132.0,0.00033866,11.62169684,146529369.0
2021-01-30 00:00:00+00:00,922045929.0,0.00034971,11.984419280000001,112936218.0
2021-01-31 00:00:00+00:00,1039905701.0,0.00040816999999999996,13.51631794,351069270.0
2021-02-01 00:00:00+00:00,1009648087.0,0.00039134,13.12304044,156307057.0
2021-02-02 00:00:00+00:00,1039807777.0,0.0003806,13.51504517,91074992.0
2021-02-03 00:00:00+00:00,1139056885.0,0.0003951,14.80504916,144515018.0
2021-02-04 00:00:00+00:00,1182382288.0,0.00041619000000000004,15.36817705,180318628.0
2021-02-05 00:00:00+00:00,1378234929.0,0.00046963,17.91379881,196730774.0
2021-02-06 00:00:00+00:00,1383022092.0,0.0004578,17.97602062,192597459.0
2021-02-07 00:00:00+00:00,1862429084.0,0.00062224,24.2071792,545865729.0
2021-02-08 00:00:00+00:00,2329294595.0,0.00065536,30.27532814,894521369.0
2021-02-09 00:00:00+00:00,2431125221.0,0.0006798199999999999,31.59888577,445128059.0
2021-02-10 00:00:00+00:00,4254502157.0,0.00123109,55.29847928,2235807129.0
2021-02-11 00:00:00+00:00,3644532884.0,0.0009887499999999998,47.37031942,856224806.0
2021-02-12 00:00:00+00:00,3743463409.0,0.00102424,48.65618258,688788872.0
2021-02-13 00:00:00+00:00,3368854207.0,0.00092955,43.78714775,380032573.0
2021-02-14 00:00:00+00:00,2967920406.0,0.00079183,38.5759553,472803313.0
2021-02-15 00:00:00+00:00,2937187691.0,0.00079626,38.1765026,492075708.0
2021-02-16 00:00:00+00:00,2795590641.0,0.00073854,36.3360754,360245755.0
2021-02-17 00:00:00+00:00,2850682982.0,0.00071051,37.0521457,417547992.0
2021-02-18 00:00:00+00:00,3155580312.0,0.00079364,41.01509085,433522043.0
2021-02-19 00:00:00+00:00,2981422955.0,0.00069338,38.75145656,319733162.0
2021-02-20 00:00:00+00:00,2787727125.0,0.00064589,36.23386826,468606771.0
2021-02-21 00:00:00+00:00,2781118658.0,0.00062822,36.14797379,213433308.0
2021-02-22 00:00:00+00:00,2483455677.0,0.00059547,32.27905809,341397482.0
2021-02-23 00:00:00+00:00,2120608595.0,0.0005645299999999999,27.56290304,358695614.0
2021-02-24 00:00:00+00:00,2303186093.0,0.00060227,29.93597928,367826263.0
2021-02-25 00:00:00+00:00,2057260868.0,0.00056779,26.73953222,246988832.0
2021-02-26 00:00:00+00:00,1995732557.0,0.00055977,25.939809490000002,178639218.0
2021-02-27 00:00:00+00:00,1986089484.0,0.0005588899999999999,25.81447232,160106642.0
2021-02-28 00:00:00+00:00,1832888422.0,0.00052779,23.82322037,156409576.0
2021-03-01 00:00:00+00:00,2108365509.0,0.00055215,27.40377184,248201636.0
2021-03-02 00:00:00+00:00,2087699036.0,0.00056089,27.13515651,563934379.0
2021-03-03 00:00:00+00:00,2098233361.0,0.00053963,27.27207785,305240058.0
2021-03-04 00:00:00+00:00,1985374167.0,0.0005314,25.80517489,290696777.0
2021-03-05 00:00:00+00:00,2022827428.0,0.00049825,24.37805434,192065807.0
2021-03-06 00:00:00+00:00,2077815225.0,0.00050955,24.92347801,138082740.0
2021-03-07 00:00:00+00:00,2236935400.0,0.0005204399999999999,26.65015533,300207534.0
2021-03-08 00:00:00+00:00,2163005884.0,0.00048895,25.54598925,209982091.0
2021-03-09 00:00:00+00:00,4334543281.0,0.0006247,34.24870088,1202374920.0
2021-03-10 00:00:00+00:00,3770336408.0,0.00053053,29.71404755,842150960.0
2021-03-11 00:00:00+00:00,3922974040.0,0.0005316,30.7289913,596126031.0
2021-03-12 00:00:00+00:00,3573362288.0,0.00048819999999999994,27.98931524,431815755.0
2021-03-13 00:00:00+00:00,3946475689.0,0.0005047,30.90908429,521074219.0
2021-03-14 00:00:00+00:00,3710525616.0,0.00049001,29.05876877,312497649.0
2021-03-15 00:00:00+00:00,3705495664.0,0.00051904,29.01790921,334277022.0
2021-03-16 00:00:00+00:00,4224462734.0,0.00058235,33.08016301,450559779.0
2021-03-17 00:00:00+00:00,4169564794.0,0.00055453,32.6458283,440750660.0
2021-03-18 00:00:00+00:00,4253508948.0,0.00057556,33.30138899,439630072.0
2021-03-19 00:00:00+00:00,4823883283.0,0.00064725,37.76497536,621681221.0
2021-03-20 00:00:00+00:00,4387539801.0,0.000589,34.34647721,341937806.0
2021-03-21 00:00:00+00:00,4191960631.0,0.00057041,32.81172344,328942185.0
2021-03-22 00:00:00+00:00,3751257128.0,0.00053843,29.36029323,310387935.0
2021-03-23 00:00:00+00:00,3653358605.0,0.00052232,28.59127096,245730628.0
2021-03-24 00:00:00+00:00,3329551118.0,0.0004936399999999999,26.05170187,292191840.0
2021-03-25 00:00:00+00:00,3322963744.0,0.00050282,25.99776737,252605201.0
2021-03-26 00:00:00+00:00,3609557165.0,0.00051214,28.23790912,232181872.0
2021-03-27 00:00:00+00:00,3532272875.0,0.00049366,27.63164537,175964471.0
2021-03-28 00:00:00+00:00,3668576527.0,0.0005128999999999999,28.69735424,222965831.0
2021-03-29 00:00:00+00:00,3769408496.0,0.00051029,29.46956808,219894708.0
2021-03-30 00:00:00+00:00,3790034964.0,0.00050282,29.62527615,221168523.0
2021-03-31 00:00:00+00:00,3676426976.0,0.00048760000000000003,28.7289694,221774579.0
2021-04-01 00:00:00+00:00,3637644692.0,0.00048088999999999993,28.41875127,172089242.0
2021-04-02 00:00:00+00:00,3727678493.0,0.00049032,29.11760959,167497181.0
2021-04-03 00:00:00+00:00,3616902241.0,0.0004904499999999999,28.25184756,424655897.0
2021-04-04 00:00:00+00:00,3755051237.0,0.00049916,29.32971208,185849450.0
2021-04-05 00:00:00+00:00,4000699823.0,0.00052908,31.24659396,447418402.0
2021-04-06 00:00:00+00:00,4040390424.0,0.0005422399999999999,31.55449389,453065493.0
2021-04-07 00:00:00+00:00,3774411457.0,0.00052591,29.47651125,337039411.0
2021-04-08 00:00:00+00:00,3939489658.0,0.00052747,30.76403363,177272348.0
2021-04-09 00:00:00+00:00,4038818686.0,0.00054138,31.53260961,289110798.0
2021-04-10 00:00:00+00:00,4083942002.0,0.0005319,31.80380306,377650235.0
2021-04-11 00:00:00+00:00,4062600654.0,0.0005249100000000001,31.60232242,211605192.0
2021-04-12 00:00:00+00:00,4356044336.0,0.00056574,33.88396684,485683846.0
2021-04-13 00:00:00+00:00,4329298666.0,0.00053026,33.67353071,380251185.0
2021-04-14 00:00:00+00:00,4945637008.0,0.0006094599999999999,38.46286713,975987632.0
2021-04-15 00:00:00+00:00,4776091385.0,0.00058665,37.14306412,578582518.0
2021-04-16 00:00:00+00:00,4582330231.0,0.00057869,35.63131705,441000850.0
2021-04-17 00:00:00+00:00,4416547749.0,0.0005659100000000001,34.34145466,299361049.0
2021-04-18 00:00:00+00:00,3762224753.0,0.0005203699999999999,29.25309314,586258120.0
2021-04-19 00:00:00+00:00,3380352539.0,0.00047166,26.28306571,305510537.0
2021-04-20 00:00:00+00:00,3517821396.0,0.00048426999999999997,27.34795342,351820081.0
2021-04-21 00:00:00+00:00,3332165020.0,0.00048053,25.90350346,255465065.0
2021-04-22 00:00:00+00:00,3091931708.0,0.00046433,24.03496221,293095836.0
2021-04-23 00:00:00+00:00,3023143473.0,0.00045991,23.49842471,381922880.0
2021-04-24 00:00:00+00:00,2801787039.0,0.00043511,21.77752851,177292845.0
2021-04-25 00:00:00+00:00,2771761990.0,0.00043962000000000005,21.54312118,138398301.0
2021-04-26 00:00:00+00:00,3405967321.0,0.00048979,26.45927753,264631790.0
2021-04-27 00:00:00+00:00,3581523488.0,0.00050552,27.82036908,214406079.0
2021-04-28 00:00:00+00:00,3646901933.0,0.00051669,28.32757307,240501701.0
2021-04-29 00:00:00+00:00,3595794106.0,0.00052152,27.92986451,218944693.0
2021-04-30 00:00:00+00:00,4238397185.0,0.00057001,32.91837377,386072188.0
2021-05-01 00:00:00+00:00,4106502388.0,0.00055148,31.89084342,415039866.0
2021-05-02 00:00:00+00:00,4031658840.0,0.0005527899999999999,31.30495715,241565270.0
2021-05-03 00:00:00+00:00,4627853823.0,0.00062818,35.93231995,613797104.0
2021-05-04 00:00:00+00:00,3910843135.0,0.0005692700000000001,30.36143228,429905095.0
2021-05-05 00:00:00+00:00,4542327713.0,0.0006140799999999999,35.26311861,311207014.0
2021-05-06 00:00:00+00:00,4892695821.0,0.0006734600000000001,37.98084272,615820256.0
2021-05-07 00:00:00+00:00,4901815366.0,0.0006633899999999999,38.04991956,812137105.0
2021-05-08 00:00:00+00:00,4937112738.0,0.00065169,38.32207285,350546182.0
2021-05-09 00:00:00+00:00,5028398787.0,0.0006701,39.02163629,329199843.0
2021-05-10 00:00:00+00:00,4471965231.0,0.00062122,34.70148697,528356770.0
2021-05-11 00:00:00+00:00,4746149383.0,0.00064941,36.82477865,342073952.0
2021-05-12 00:00:00+00:00,4126628174.0,0.00065139,32.01624526,635368557.0
2021-05-13 00:00:00+00:00,4508793010.0,0.0007036,34.98024095,539807645.0
2021-05-14 00:00:00+00:00,4763137423.0,0.00074079,36.9512021,343970663.0
2021-05-15 00:00:00+00:00,4435903856.0,0.00073589,34.41056574,601746075.0
2021-05-16 00:00:00+00:00,4707785297.0,0.00078609,36.51881212,566714442.0
2021-05-17 00:00:00+00:00,4339695503.0,0.0007731799999999999,33.66225344,457823166.0
2021-05-18 00:00:00+00:00,4753460155.0,0.0008581400000000001,36.82215669,369926391.0
2021-05-19 00:00:00+00:00,3018786326.0,0.00063196,23.3838953,583118261.0
2021-05-20 00:00:00+00:00,3253116744.0,0.00061783,25.19688497,356467352.0
2021-05-21 00:00:00+00:00,2814908851.0,0.00058442,21.80176932,262253583.0
2021-05-22 00:00:00+00:00,2434016750.0,0.00050221,18.85113953,159666877.0
2021-05-23 00:00:00+00:00,2034699692.0,0.00045315000000000004,15.75615244,241105086.0
2021-05-24 00:00:00+00:00,2509417042.0,0.0005015,19.41094653,248935736.0
2021-05-25 00:00:00+00:00,2517955957.0,0.0005065,19.45080922,177064640.0
2021-05-26 00:00:00+00:00,2708771779.0,0.00053203,20.90567553,183798753.0
2021-05-27 00:00:00+00:00,2464117324.0,0.00049432,19.00033483,120995855.0
2021-05-28 00:00:00+00:00,2172039592.0,0.00046875,16.73341176,124661585.0
2021-05-29 00:00:00+00:00,2095283977.0,0.0004659,16.12749316,73317089.0
2021-05-30 00:00:00+00:00,2149588028.0,0.00046342999999999997,16.53438644,66551414.0
2021-05-31 00:00:00+00:00,2362750405.0,0.00048647,18.16131956,83671863.0
2021-06-01 00:00:00+00:00,2315723239.0,0.00048448,17.77317078,80656521.0
2021-06-02 00:00:00+00:00,2435677957.0,0.00049706,18.67708113,101921641.0
2021-06-03 00:00:00+00:00,2642034953.0,0.00051631,20.24371446,118155006.0
2021-06-04 00:00:00+00:00,2383535763.0,0.00049458,18.24740468,108497012.0
2021-06-05 00:00:00+00:00,2255294668.0,0.00048521,17.25030257,92501652.0
2021-06-06 00:00:00+00:00,2274827056.0,0.00048519,17.40011116,48841452.0
2021-06-07 00:00:00+00:00,2664941548.0,0.00046251999999999996,15.52263999,129221032.0
2021-06-08 00:00:00+00:00,2555181874.0,0.00044421,14.86893998,123776326.0
2021-06-09 00:00:00+00:00,2646465881.0,0.00041202,15.38689086,107246374.0
2021-06-10 00:00:00+00:00,2440029903.0,0.00038625,14.17640797,90307844.0
2021-06-11 00:00:00+00:00,2311334971.0,0.00035943,13.41897897,79178329.0
2021-06-12 00:00:00+00:00,2336422378.0,0.00038118,13.55193018,79705597.0
2021-06-13 00:00:00+00:00,2547455246.0,0.00037791,14.77556594,97026435.0
2021-06-14 00:00:00+00:00,2608839907.0,0.00037327,15.13088787,100231227.0
2021-06-15 00:00:00+00:00,2538014690.0,0.00036658,14.72011203,83641003.0
2021-06-16 00:00:00+00:00,2425523264.0,0.00036685,14.0676783,79021452.0
2021-06-17 00:00:00+00:00,2557318049.0,0.00038977,14.83206867,100424428.0
2021-06-18 00:00:00+00:00,2349692456.0,0.0003808,13.62787076,78295122.0
2021-06-19 00:00:00+00:00,2320356930.0,0.00037786,13.45772903,37953811.0
2021-06-20 00:00:00+00:00,2408852566.0,0.00039136,13.9709907,55939670.0
2021-06-21 00:00:00+00:00,1932913802.0,0.00035391,11.21061585,86300256.0
2021-06-22 00:00:00+00:00,1814973869.0,0.00032384,10.52658158,109716996.0
2021-06-23 00:00:00+00:00,1974605536.0,0.0003403,11.45242178,73298048.0
2021-06-24 00:00:00+00:00,1979870369.0,0.00033128000000000004,11.48295703,51808717.0
2021-06-25 00:00:00+00:00,1770850125.0,0.00032463,10.27067035,53164067.0
2021-06-26 00:00:00+00:00,1771695010.0,0.00031925,10.27557056,42029114.0
2021-06-27 00:00:00+00:00,1882647809.0,0.00031513,10.91908048,34727228.0
2021-06-28 00:00:00+00:00,1945962398.0,0.00032776,11.28629579,45312867.0
2021-06-29 00:00:00+00:00,2043400110.0,0.00033042,11.85142019,60893173.0
2021-06-30 00:00:00+00:00,2061353421.0,0.00034118895814094736,11.95554675333371,52911536.0
2021-07-01 00:00:00+00:00,1936223352.0,0.00033449813534766994,11.22981075444384,33886419.0
2021-07-02 00:00:00+00:00,1919471791.0,0.00032842547130617765,11.13265415893634,40854419.0
2021-07-03 00:00:00+00:00,1983482524.0,0.00033182545946701365,11.50390700248914,33146235.0
2021-07-04 00:00:00+00:00,2129381622.0,0.0003499823564216495,12.35010031544941,60403499.0
2021-07-05 00:00:00+00:00,2073640581.0,0.000356392153186401,12.02681047677884,64962340.0
2021-07-06 00:00:00+00:00,2303064233.0,0.0003901667429335402,13.357433922539819,115274691.0
2021-07-07 00:00:00+00:00,2256911227.0,0.0003866379231504049,13.08975327568083,90665563.0
2021-07-08 00:00:00+00:00,2089650223.0,0.0003686323776859836,12.11966404408366,66426383.0
2021-07-09 00:00:00+00:00,2162842355.0,0.00037115106984633776,12.54416764716028,63493395.0
2021-07-10 00:00:00+00:00,2073455507.0,0.0003587574742251237,12.02573707299081,36867384.0
2021-07-11 00:00:00+00:00,2140341356.0,0.00036254665192424126,12.41366516200296,31468064.0
2021-07-12 00:00:00+00:00,2101179631.0,0.00036755304431083393,12.18653291720308,51376241.0
2021-07-13 00:00:00+00:00,2054305306.0,0.0003643403852193773,11.91466872243767,43903713.0
2021-07-14 00:00:00+00:00,2033171620.0,0.00035927034183473795,11.79209645048328,43795905.0
2021-07-15 00:00:00+00:00,1956926499.0,0.00035713104979673423,11.34988595891967,34811185.0
2021-07-16 00:00:00+00:00,1872615844.0,0.00034565133012722844,10.86089656126189,47233363.0
2021-07-17 00:00:00+00:00,1884141862.0,0.0003465487700284546,10.92774576887783,32780916.0
2021-07-18 00:00:00+00:00,1845676260.0,0.00033665801342840795,10.70465093450277,32792037.0
2021-07-19 00:00:00+00:00,1753452730.0,0.00032999622198537934,10.16976801632353,32476789.0
2021-07-20 00:00:00+00:00,1663936715.0,0.0003237654150372285,9.6505882904127,35862709.0
2021-07-21 00:00:00+00:00,1796687747.0,0.000324518834798394,10.42052476255866,45013149.0
2021-07-22 00:00:00+00:00,1867045248.0,0.00033511442106915287,10.82858791897188,40893616.0
2021-07-23 00:00:00+00:00,1913730606.0,0.0003305194648217113,11.09935613501899,35786332.0
2021-07-24 00:00:00+00:00,1926396585.0,0.0003258098584353408,11.17281694607396,42078775.0
2021-07-25 00:00:00+00:00,1938115785.0,0.00031798379440384005,11.24078658672743,34788469.0
2021-07-26 00:00:00+00:00,1981458874.0,0.0003077913592840601,11.49217013084646,94326395.0
2021-07-27 00:00:00+00:00,2055185446.0,0.00030247903316176373,11.91977340861249,52941102.0
2021-07-28 00:00:00+00:00,2113316789.0,0.00030645452824161473,12.25692664843777,68268675.0
2021-07-29 00:00:00+00:00,2153108831.0,0.00031039424060448265,12.4183834064433,66712426.0
2021-07-30 00:00:00+00:00,2254457533.0,0.0003078535899336987,13.00236498495088,71146688.0
2021-07-31 00:00:00+00:00,2356847738.0,0.00032651577117886966,13.59160938246901,67970748.0
2021-08-01 00:00:00+00:00,2233279592.0,0.00032213796546528894,12.87743167548368,90946247.0
2021-08-02 00:00:00+00:00,2255921927.0,0.0003317919905784986,13.00689142880601,54993391.0
2021-08-03 00:00:00+00:00,2174047239.0,0.00032850102568899464,12.53329374959295,60826755.0
2021-08-04 00:00:00+00:00,2373327239.0,0.0003441706552928608,13.67992484787159,66911765.0
2021-08-05 00:00:00+00:00,2400170729.0,0.00033849846599723067,13.83428144582264,76011395.0
2021-08-06 00:00:00+00:00,2554816693.0,0.0003439195444227991,14.72543081888588,105878541.0
2021-08-07 00:00:00+00:00,2734546035.0,0.00035374047982287367,15.76119030591851,128714036.0
2021-08-08 00:00:00+00:00,2570268505.0,0.00033823642360693426,14.81411868410817,78280305.0
2021-08-09 00:00:00+00:00,2816357011.0,0.0003500844446764806,16.23180553887969,143463343.0
2021-08-10 00:00:00+00:00,2854288124.0,0.00036082980458269264,16.44843774546786,124902142.0
2021-08-11 00:00:00+00:00,2906432332.0,0.00036734685068932796,16.74867857062034,122723375.0
2021-08-12 00:00:00+00:00,2875267447.0,0.00037293926987229284,16.5690534624864,112149586.0
2021-08-13 00:00:00+00:00,3132281821.0,0.00037764174419372814,18.04875317087912,113858977.0
2021-08-14 00:00:00+00:00,3135569347.0,0.0003836267780690534,18.06764952119881,101585490.0
2021-08-15 00:00:00+00:00,3262295619.0,0.00039949698454004763,18.79513644615036,101215297.0
2021-08-16 00:00:00+00:00,3329606536.0,0.0004169730630485053,19.18263064022095,252835090.0
2021-08-17 00:00:00+00:00,4085030409.0,0.0005264528392757871,23.52999792108138,737983102.0
2021-08-18 00:00:00+00:00,5189593576.0,0.0006671879429915406,29.89081294376721,1170857988.0
2021-08-19 00:00:00+00:00,5318975580.0,0.0006557333090897515,30.63427250325352,1116363939.0
2021-08-20 00:00:00+00:00,6803795069.0,0.0007942026004556022,39.18530191282526,962895338.0
2021-08-21 00:00:00+00:00,7604601583.0,0.0008953372957139665,43.78690968643027,1931663488.0
2021-08-22 00:00:00+00:00,7560311292.0,0.0008826183769591173,43.53219824603121,1163748675.0
2021-08-23 00:00:00+00:00,8067278162.0,0.000937520563616725,46.45053232357514,1527912599.0
2021-08-24 00:00:00+00:00,9620414360.0,0.001160141538527007,55.34584977753096,2249385587.0
2021-08-25 00:00:00+00:00,8025551230.0,0.000941878699851991,46.11512266725601,1541625994.0
2021-08-26 00:00:00+00:00,7215688828.0,0.0008823774230543569,41.42075323483545,1202053529.0
2021-08-27 00:00:00+00:00,8732090955.0,0.0010207735025202585,50.07779012954455,1672611618.0
2021-08-28 00:00:00+00:00,8762218822.0,0.0010264758487650563,50.19713481140908,1165188185.0
2021-08-29 00:00:00+00:00,8302197933.0,0.0009729524269938342,47.50910413787032,790206804.0
2021-08-30 00:00:00+00:00,7229019298.0,0.0008782295082140248,41.32507615427011,863132838.0
2021-08-31 00:00:00+00:00,6914672867.0,0.0008371872420518226,39.48734939777353,863301439.0
2021-09-01 00:00:00+00:00,7349242700.0,0.0008584268598512937,41.93160178120723,1042268891.0
2021-09-02 00:00:00+00:00,8384915807.0,0.0009681354249254827,47.75591624533372,967474676.0
2021-09-03 00:00:00+00:00,8083327009.0,0.0009177579149474742,45.91118349237166,1292097111.0
2021-09-04 00:00:00+00:00,8338094607.0,0.0009439086516432514,47.14316543936135,920757965.0
2021-09-05 00:00:00+00:00,10595363408.0,0.0009309323160672008,48.17892362884612,870312119.0
2021-09-06 00:00:00+00:00,10353198991.0,0.00089378352565783,47.04298755477231,1176511096.0
2021-09-07 00:00:00+00:00,8282527575.0,0.0008032053539998472,37.5989498648622,1505074715.0
2021-09-08 00:00:00+00:00,8161927430.0,0.0008038682855400223,37.05140609629113,932136418.0
2021-09-09 00:00:00+00:00,8981659742.0,0.0008788826060929359,40.77261472489145,1331437306.0
2021-09-10 00:00:00+00:00,10835706426.0,0.0010959191384257586,49.18913609386071,2437929731.0
2021-09-11 00:00:00+00:00,12592515684.0,0.0012646548461312768,57.16424415535718,2562681437.0
2021-09-12 00:00:00+00:00,13054057024.0,0.0012864790025049787,59.25943010110727,2713467627.0
2021-09-13 00:00:00+00:00,11699453602.0,0.0011811948985027605,53.1101520149073,2513345537.0
2021-09-14 00:00:00+00:00,11361967017.0,0.0010952513563344552,51.57811774405758,1243073204.0
2021-09-15 00:00:00+00:00,12694100642.0,0.0011961345676413846,57.62539326302677,1139814004.0
2021-09-16 00:00:00+00:00,14944835398.0,0.0014197975948824566,67.84269648644131,2877776131.0
2021-09-17 00:00:00+00:00,15405524492.0,0.0014795363410413603,69.93401362503091,2149572436.0
2021-09-18 00:00:00+00:00,15202502312.0,0.0014294682139553898,69.01238606694751,1951788341.0
2021-09-19 00:00:00+00:00,15436740281.0,0.0014827633672340548,70.07571898662034,1827002963.0
2021-09-20 00:00:00+00:00,12485386911.0,0.0013228967889711007,56.67792867642981,2342075415.0
2021-09-21 00:00:00+00:00,13000731743.0,0.001450283234696336,59.01735778910763,2637731601.0
2021-09-22 00:00:00+00:00,16342408141.0,0.00170253289242229,74.1870355805226,2640281903.0
2021-09-23 00:00:00+00:00,16786970567.0,0.0016975955548830656,76.20514504296354,2334856450.0
2021-09-24 00:00:00+00:00,15949166713.0,0.001690063481573459,72.40189990102417,2238592113.0
2021-09-25 00:00:00+00:00,15063561402.0,0.0016008219064391116,68.38165807772975,1022340249.0
2021-09-26 00:00:00+00:00,14728794674.0,0.0015474249326846343,66.86197071523706,1282520288.0
2021-09-27 00:00:00+00:00,14650986466.0,0.0015747035564414578,66.50875714781714,1210911405.0
2021-09-28 00:00:00+00:00,13551528223.0,0.0014991690933100427,61.5177211201624,989963988.0
2021-09-29 00:00:00+00:00,14433178042.0,0.001576350540144463,65.52000682480893,1366679672.0
2021-09-30 00:00:00+00:00,14707628658.0,0.0015246522309697815,66.76588671156034,1122979274.0
2021-10-01 00:00:00+00:00,14884850536.0,0.0014042952653303754,67.57039273465634,1441796222.0
2021-10-02 00:00:00+00:00,15248344678.0,0.0014508139341053129,69.22048937807897,1391263335.0
2021-10-03 00:00:00+00:00,15137441435.0,0.0014256661534987531,68.71703953547299,1003680421.0
2021-10-04 00:00:00+00:00,14353839761.0,0.0013267358621461627,65.15984742539536,949626760.0
2021-10-05 00:00:00+00:00,14241553493.0,0.0012549811245827474,64.65011928203714,813159957.0
2021-10-06 00:00:00+00:00,13242323657.0,0.0010858471889840602,60.114074241222966,963971611.0
2021-10-07 00:00:00+00:00,13545058991.0,0.0011427790716322533,61.4883537743163,906896093.0
2021-10-08 00:00:00+00:00,13331793001.0,0.0011214126122225604,60.520224019291696,812757714.0
2021-10-09 00:00:00+00:00,13341933155.0,0.0011018412231967724,60.56625566540046,368977448.0
2021-10-10 00:00:00+00:00,12466804950.0,0.0010332653529838436,56.593575098888046,450502943.0
2021-10-11 00:00:00+00:00,12182863608.0,0.0009620738317133576,55.30461166601445,590939451.0
2021-10-12 00:00:00+00:00,11974331874.0,0.0009699669551397872,54.35797326402677,692864342.0
2021-10-13 00:00:00+00:00,12149353103.0,0.0009608263905207144,55.152489349117936,655950094.0
2021-10-14 00:00:00+00:00,12353914642.0,0.0009783603038177064,56.081104887902846,521698717.0
2021-10-15 00:00:00+00:00,12391359720.0,0.0009132567128758591,56.25108836540013,559567841.0
2021-10-16 00:00:00+00:00,12662754038.0,0.0009440143776475891,57.48309406022444,730039645.0
2021-10-17 00:00:00+00:00,12353091320.0,0.0009110328485895051,56.07736738697128,388579198.0
2021-10-18 00:00:00+00:00,12220283753.0,0.0008943735263897284,55.474481957918364,301848293.0
2021-10-19 00:00:00+00:00,12516017012.0,0.0008841458882431686,56.816975283482265,369199133.0
2021-10-20 00:00:00+00:00,13120233526.0,0.0009025197844832816,59.55984105927718,557808885.0
2021-10-21 00:00:00+00:00,13505728605.0,0.000985527106479023,61.30981186478956,834466444.0
2021-10-22 00:00:00+00:00,14418921084.0,0.0010784782440914308,65.4552867757376,1235036358.0
2021-10-23 00:00:00+00:00,14419776112.0,0.0010662210699711669,65.45916821133943,675884810.0
2021-10-24 00:00:00+00:00,14212535568.0,0.0010588791322415703,64.51839121864813,512814089.0
2021-10-25 00:00:00+00:00,15381442493.0,0.0011076282624645794,69.82469240033403,559909250.0
2021-10-26 00:00:00+00:00,15171386689.0,0.0011409345416427883,68.87113541479492,913850539.0
2021-10-27 00:00:00+00:00,13551289110.0,0.0010518831023253621,61.51663565777041,947198473.0
2021-10-28 00:00:00+00:00,14193080385.0,0.0010628142970224954,64.43007361021625,593781415.0
2021-10-29 00:00:00+00:00,14268504811.0,0.0010408899973937478,64.7724659038783,390478927.0
2021-10-30 00:00:00+00:00,13749245777.0,0.001008506169521286,62.41526810885595,340551397.0
2021-10-31 00:00:00+00:00,14161740162.0,0.0010484164394943694,64.28780337517065,385833917.0
2021-11-01 00:00:00+00:00,14334601728.0,0.001066685469025102,65.07251558285166,553398869.0
2021-11-02 00:00:00+00:00,14887970005.0,0.0010689293162381777,67.584553692911,437288364.0
2021-11-03 00:00:00+00:00,16616308365.0,0.0011978777216343937,75.43041694188881,1110753061.0
2021-11-04 00:00:00+00:00,17467232891.0,0.0012903229574270827,79.29322391192281,1139576690.0
2021-11-05 00:00:00+00:00,16381553546.0,0.0012165876065523106,74.36473775770153,593374945.0
2021-11-06 00:00:00+00:00,17333294515.0,0.0012788627591903915,78.68520513234242,487295739.0
2021-11-07 00:00:00+00:00,19320327632.0,0.00138496121856617,87.7054238924828,1321363546.0
2021-11-08 00:00:00+00:00,20086784070.0,0.0013495495404372778,91.18478449389872,1954611681.0
2021-11-09 00:00:00+00:00,19485420030.0,0.0013207772604463528,88.45486764164879,780284087.0
2021-11-10 00:00:00+00:00,18789403838.0,0.0013123312932373785,85.29527344061418,1297653103.0
2021-11-11 00:00:00+00:00,19398729593.0,0.0013558334790885814,88.06133282955996,661012573.0
2021-11-12 00:00:00+00:00,18663761156.0,0.0013206089861623883,84.72491330490458,676532796.0
2021-11-13 00:00:00+00:00,21458501393.0,0.0015099524762591232,97.41175184204448,1145671642.0
2021-11-14 00:00:00+00:00,21016118864.0,0.0014572803058886031,95.40353811306541,1142384672.0
2021-11-15 00:00:00+00:00,20607860765.0,0.0014718905999135759,93.55023363840499,1202984508.0
2021-11-16 00:00:00+00:00,21582702422.0,0.0016285494792854874,97.9755675355434,1843490926.0
2021-11-17 00:00:00+00:00,23747350981.0,0.0017857483735666572,107.80207891724072,2393292480.0
2021-11-18 00:00:00+00:00,22084338772.0,0.0017606077509814343,100.25276642872802,1920193319.0
2021-11-19 00:00:00+00:00,24677286671.0,0.0019274669167286993,112.02356032782787,1562347126.0
2021-11-20 00:00:00+00:00,27705581117.0,0.0021068095968006925,125.77062782455937,2291581571.0
2021-11-21 00:00:00+00:00,28328813993.0,0.0021896607438258602,128.59981916183517,3379295976.0
2021-11-22 00:00:00+00:00,30114621585.0,0.0023899934903135714,134.5310302754964,3211306704.0
2021-11-23 00:00:00+00:00,27719516853.0,0.0021509994496763402,123.83104837606508,1959122592.0
2021-11-24 00:00:00+00:00,25784420544.0,0.0020135165705196596,115.18596805881636,1893484509.0
2021-11-25 00:00:00+00:00,26708586996.0,0.002024792635774503,119.31675910644314,2074997339.0
2021-11-26 00:00:00+00:00,23240701779.0,0.0019382124438328302,103.82958312646167,1712875693.0
2021-11-27 00:00:00+00:00,25355180306.0,0.0020665235583608023,113.27665273704928,1211028703.0
2021-11-28 00:00:00+00:00,24753981282.0,0.0019317379078140852,110.58901720849602,1422129303.0
2021-11-29 00:00:00+00:00,26918031628.0,0.0020803571086076733,120.25830095010784,1227497076.0
2021-11-30 00:00:00+00:00,26938334989.0,0.0021110919738299198,120.34369618207616,1734884533.0
2021-12-01 00:00:00+00:00,26819275073.0,0.0020924550771320243,119.75084813650454,1437422167.0
2021-12-02 00:00:00+00:00,24157894736.0,0.0019098922492726093,107.86654585664914,1117942461.0
2021-12-03 00:00:00+00:00,24218637933.0,0.002017563196540299,108.13784947756905,1379333420.0
2021-12-04 00:00:00+00:00,22542419005.0,0.001887782526908232,92.88023048837111,2100725079.0
2021-12-05 00:00:00+00:00,20824940381.0,0.0017377359482192898,85.79002032646572,1220952521.0
2021-12-06 00:00:00+00:00,22653510891.0,0.0018448884317084644,93.31930043971138,1786165231.0
2021-12-07 00:00:00+00:00,21838785316.0,0.001774201772529092,89.95217949716245,1066934424.0
2021-12-08 00:00:00+00:00,22634261451.0,0.0018457862460237629,93.22105696359029,736763695.0
2021-12-09 00:00:00+00:00,20751091373.0,0.0017926989922306946,85.46176576800077,918578963.0
2021-12-10 00:00:00+00:00,19607244930.0,0.001709018394476577,80.73967843140198,1031654019.0
2021-12-11 00:00:00+00:00,20999059327.0,0.0017501706965289032,86.39281559763421,807032061.0
2021-12-12 00:00:00+00:00,21418494911.0,0.001758723472344558,88.10911792975203,595911581.0
2021-12-13 00:00:00+00:00,19240680074.0,0.0016934935732673749,79.14962581048863,1146609022.0
2021-12-14 00:00:00+00:00,21224906833.0,0.0018045664533302972,87.31190660258783,1039726774.0
2021-12-15 00:00:00+00:00,24603175372.0,0.0020692891093142623,101.18145189286626,2397339948.0
2021-12-16 00:00:00+00:00,23930386446.0,0.002064428926252297,98.40188437732425,1843664083.0
2021-12-17 00:00:00+00:00,26996109661.0,0.002402675703215627,111.00876733356122,2509017517.0
2021-12-18 00:00:00+00:00,28213860369.0,0.0024764118361707867,116.01686529234605,1589986609.0
2021-12-19 00:00:00+00:00,26185067590.0,0.00230530215277284,107.67378194554031,1025197695.0
2021-12-20 00:00:00+00:00,27580963221.0,0.002419109292777168,113.40851848912845,2014776080.0
2021-12-21 00:00:00+00:00,29995570704.0,0.0025202590465789702,123.33294452412824,1732104245.0
2021-12-22 00:00:00+00:00,28328439398.0,0.002395248241731993,116.4773528962239,1353772414.0
2021-12-23 00:00:00+00:00,29479202285.0,0.0023867495215270304,121.2099721993665,1261376043.0
2021-12-24 00:00:00+00:00,27963599135.0,0.00226232758545825,114.97645714808438,1136972581.0
2021-12-25 00:00:00+00:00,27977248818.0,0.0022810282379649087,115.03192967164001,878551694.0
2021-12-26 00:00:00+00:00,28024471318.0,0.0022675836526971148,115.21482564469692,963393172.0
2021-12-27 00:00:00+00:00,27632130940.0,0.002243240152407562,113.59862079671593,942094550.0
2021-12-28 00:00:00+00:00,26079374124.0,0.0022529563589511227,107.21561298607811,1435837733.0
2021-12-29 00:00:00+00:00,25053574904.0,0.0022176502791903313,102.99812518625963,1091704197.0
2021-12-30 00:00:00+00:00,24793581918.0,0.0021604985811968245,101.92827394827687,1015886046.0
2021-12-31 00:00:00+00:00,26594317969.0,0.0023597251861574536,109.27048719717732,1323734905.0
2022-01-01 00:00:00+00:00,27805319078.0,0.0023939115722640355,114.15800991619544,784319683.0
2022-01-02 00:00:00+00:00,27588210908.0,0.0023906602292608245,113.18633584854148,777052324.0
2022-01-03 00:00:00+00:00,26360473692.0,0.0023278001528830084,108.14521175956406,894675873.0
2022-01-04 00:00:00+00:00,25180710345.0,0.0022493857982895968,103.30441780351256,919447105.0
2022-01-05 00:00:00+00:00,23877434061.0,0.0022459219070366373,97.85257908623934,1168896098.0
2022-01-06 00:00:00+00:00,23231730122.0,0.0022056647237300967,95.19853725856339,909261500.0
2022-01-07 00:00:00+00:00,21176611209.0,0.002087875239954867,86.76771285848272,1163318424.0
2022-01-08 00:00:00+00:00,20516116651.0,0.0020141121609243305,84.05684231880353,1021954391.0
2022-01-09 00:00:00+00:00,21773594952.0,0.00212844539422965,89.20655525480198,900030318.0
2022-01-10 00:00:00+00:00,20651031290.0,0.0020212831601831307,84.53261492045448,1138103402.0
2022-01-11 00:00:00+00:00,21865568558.0,0.0020943026974331366,89.50181455959404,719261554.0
2022-01-12 00:00:00+00:00,23414613863.0,0.0021803293104229356,95.8235123941193,962440339.0
2022-01-13 00:00:00+00:00,21847164221.0,0.0020991918916640033,89.40788313727943,756890649.0
2022-01-14 00:00:00+00:00,22075108351.0,0.002096082660033886,90.34053346282735,640737088.0
2022-01-15 00:00:00+00:00,22802416203.0,0.002161219176581386,93.31581793758508,514349943.0
2022-01-16 00:00:00+00:00,22539370537.0,0.002139235143714777,92.23979785206451,498172514.0
2022-01-17 00:00:00+00:00,21197628638.0,0.002053243388167158,86.75066114703519,613946950.0
2022-01-18 00:00:00+00:00,21017605036.0,0.002029784662283575,86.01340959942074,519434644.0
2022-01-19 00:00:00+00:00,20257304830.0,0.0019859776672461423,82.9033068012876,538783322.0
2022-01-20 00:00:00+00:00,19320350213.0,0.0019427326814059306,79.06845660805266,301646934.0
2022-01-21 00:00:00+00:00,16108748580.0,0.0018082119340092594,65.92255767063796,1061162871.0
2022-01-22 00:00:00+00:00,14598255205.0,0.0017052522996861216,59.74222953646108,1334157196.0
2022-01-23 00:00:00+00:00,15847028100.0,0.0017842092565168546,64.72541073254891,897015183.0
2022-01-24 00:00:00+00:00,15395009090.0,0.0017154217524419342,62.87763360114957,1159701823.0
2022-01-25 00:00:00+00:00,16624907484.0,0.0018374352750468925,67.90058685399323,994124979.0
2022-01-26 00:00:00+00:00,16158817983.0,0.0017908274206046072,65.99579164986713,1166402419.0
2022-01-27 00:00:00+00:00,15841160467.0,0.0017420539008140752,64.69680595945408,798856523.0
2022-01-28 00:00:00+00:00,16436994239.0,0.0017765911650396745,67.12731265385521,664566075.0
2022-01-29 00:00:00+00:00,17667026424.0,0.0018918656906751314,72.15097612426872,696714042.0
2022-01-30 00:00:00+00:00,16646915885.0,0.0017926709210295336,67.97378381569261,534098086.0
2022-01-31 00:00:00+00:00,17147869341.0,0.0018187820928048221,69.99242100645193,700410198.0
2022-02-01 00:00:00+00:00,17995815192.0,0.001895782449871725,73.44881618760792,843353375.0
2022-02-02 00:00:00+00:00,16631677883.0,0.0018369279549500588,67.87997104183418,875718764.0
2022-02-03 00:00:00+00:00,16689038880.0,0.0018330898961810358,68.1077223050352,695260121.0
2022-02-04 00:00:00+00:00,18945342290.0,0.0018628917354151526,77.31163776220208,965938411.0
2022-02-05 00:00:00+00:00,18936619776.0,0.001864076155721883,77.24948720742881,797735218.0
2022-02-06 00:00:00+00:00,19306314559.0,0.0018569380577182952,78.7572632531494,506746738.0
2022-02-07 00:00:00+00:00,20479967872.0,0.0019025245317954727,83.5229012775099,915351778.0
2022-02-08 00:00:00+00:00,21240951208.0,0.001963446336189602,86.62420166704156,2252177846.0
2022-02-09 00:00:00+00:00,22081075735.0,0.00203029567873465,90.02086948717275,1053167954.0
2022-02-10 00:00:00+00:00,22353899997.0,0.002091954225354236,91.1362204880134,1616543856.0
2022-02-11 00:00:00+00:00,20047360551.0,0.0019273040888485088,81.73299218757823,1323311027.0
2022-02-12 00:00:00+00:00,19927968097.0,0.0019232263235832263,81.2456767046057,1123397419.0
2022-02-13 00:00:00+00:00,19193208560.0,0.0018542114895544876,78.24311777505794,676959728.0
2022-02-14 00:00:00+00:00,20119241303.0,0.001925935614917117,82.01966535305571,865000799.0
2022-02-15 00:00:00+00:00,22732164944.0,0.002079014623360056,92.67249957093352,1272958909.0
2022-02-16 00:00:00+00:00,23388646827.0,0.0021688371025387902,95.34611173789375,1729554621.0
2022-02-17 00:00:00+00:00,21617068119.0,0.002173855265285487,88.1237726442026,1798309217.0
2022-02-18 00:00:00+00:00,20565591473.0,0.0020943026155343394,83.83697689956243,1283023478.0
2022-02-19 00:00:00+00:00,20874476390.0,0.0021210057429061355,85.09932067581312,850252533.0
2022-02-20 00:00:00+00:00,18971728613.0,0.002012334488777982,77.33678763301697,984477195.0
2022-02-21 00:00:00+00:00,17175455647.0,0.0018877518783717367,69.98892824049187,1626858109.0
2022-02-22 00:00:00+00:00,18310475755.0,0.00194782175146625,74.57435633917319,1344001591.0
2022-02-23 00:00:00+00:00,18103656760.0,0.0019760163185420948,73.69863489844826,1699396767.0
2022-02-24 00:00:00+00:00,18805020786.0,0.0019963149988922618,76.52396395171208,3097306165.0
2022-02-25 00:00:00+00:00,19872460664.0,0.0020613088424864252,80.83261972561367,1884195969.0
2022-02-26 00:00:00+00:00,20139377452.0,0.002093834399098783,81.87970367804422,1419135253.0
2022-02-27 00:00:00+00:00,18452974295.0,0.001988640016593395,74.99118498916019,1577126485.0
2022-02-28 00:00:00+00:00,20763113170.0,0.0019526028797712514,84.33923315951492,1906636314.0
2022-03-01 00:00:00+00:00,21361247243.0,0.0019555097820078836,86.73592752305865,2279596412.0
2022-03-02 00:00:00+00:00,20520135589.0,0.0018962627757009686,83.29166695704018,1610175795.0
2022-03-03 00:00:00+00:00,19361256761.0,0.0018505143366760858,78.55764524759465,1534290692.0
2022-03-04 00:00:00+00:00,20081442974.0,0.0019330321445189989,75.65424589316365,1871411668.0
2022-03-05 00:00:00+00:00,20376044908.0,0.0019473676833754523,76.72742425653473,993285550.0
2022-03-06 00:00:00+00:00,19267144791.0,0.0018877942023140023,72.52902187284202,913541519.0
2022-03-07 00:00:00+00:00,19103797429.0,0.001888509806055392,71.8805361667162,1144242245.0
2022-03-08 00:00:00+00:00,19386426770.0,0.0018823825587064344,72.9183585878437,1344906811.0
2022-03-09 00:00:00+00:00,20670419804.0,0.001851134562125085,77.71604599453573,1650128263.0
2022-03-10 00:00:00+00:00,19691666939.0,0.0018764924231748346,74.00409445447667,1200529915.0
2022-03-11 00:00:00+00:00,18962225971.0,0.0018362038054265135,71.23547730645804,1603071548.0
2022-03-12 00:00:00+00:00,18905998303.0,0.0018250609840549771,71.00219697589726,635273265.0
2022-03-13 00:00:00+00:00,18132232300.0,0.0017985892012209249,68.07599478108311,660710560.0
2022-03-14 00:00:00+00:00,18356925399.0,0.0017367651011451675,68.8918371820474,1321137130.0
2022-03-15 00:00:00+00:00,18628933749.0,0.0017765515994516603,69.88738228635597,1034368302.0
2022-03-16 00:00:00+00:00,19782653330.0,0.0018030302814272534,74.18374815361031,1185387027.0
2022-03-17 00:00:00+00:00,21223275656.0,0.0019422669839695948,79.53851308019127,1764529990.0
2022-03-18 00:00:00+00:00,22890472665.0,0.0020516748790932425,85.76237859673051,1877327168.0
2022-03-19 00:00:00+00:00,23939264930.0,0.002125923959103662,89.69412104448264,1841027125.0
2022-03-20 00:00:00+00:00,22636838971.0,0.0020540308946496067,84.72430369684993,1451610365.0
2022-03-21 00:00:00+00:00,23101880348.0,0.0021045255562188747,86.44969657205876,2083892142.0
2022-03-22 00:00:00+00:00,22475918304.0,0.001984203602370416,84.09188101794359,1743823520.0
2022-03-23 00:00:00+00:00,23052156345.0,0.00201084321495078,86.25101252234026,1478084261.0
2022-03-24 00:00:00+00:00,23400359188.0,0.001991663500515386,87.55538582211892,1626542540.0
2022-03-25 00:00:00+00:00,22359767734.0,0.00188644336717817,83.66136925819441,1128008708.0
2022-03-26 00:00:00+00:00,22972947265.0,0.0019315517465968899,85.95565285099241,666311785.0
2022-03-27 00:00:00+00:00,24006949475.0,0.0019184942632818674,89.82484811409068,759068100.0
2022-03-28 00:00:00+00:00,23947379998.0,0.0019013015928624696,89.6045512834171,1758254790.0
2022-03-29 00:00:00+00:00,24814285795.0,0.00195595627779619,92.84089235404721,1642341694.0
2022-03-30 00:00:00+00:00,25599265335.0,0.0020351585542203532,95.77998356372166,1755845999.0
2022-03-31 00:00:00+00:00,25911179849.0,0.002128403149390411,96.92466338057835,2201715680.0
2022-04-01 00:00:00+00:00,25851074089.0,0.0020892339391480525,96.69318136561436,1744656244.0
2022-04-02 00:00:00+00:00,25659149422.0,0.002092336226537161,95.97326399212331,1575851403.0
2022-04-03 00:00:00+00:00,26224674829.0,0.0021113078202122356,98.0777794449821,1288604372.0
2022-04-04 00:00:00+00:00,25540760586.0,0.0020487931462058926,95.52021579667006,1197451977.0
2022-04-05 00:00:00+00:00,24392972577.0,0.001998004798916636,91.0210934410003,1070364448.0
2022-04-06 00:00:00+00:00,22231075342.0,0.0019199761961427543,82.95590784432544,1473087038.0
2022-04-07 00:00:00+00:00,23564043164.0,0.0020209639108673817,87.91970914857983,1374726630.0
2022-04-08 00:00:00+00:00,22451694389.0,0.001980937753153032,83.76922914292037,1367418313.0
2022-04-09 00:00:00+00:00,22654893525.0,0.0019762025601601832,84.52665908016297,620880569.0
2022-04-10 00:00:00+00:00,21951204830.0,0.0019384265711643043,81.81647090306197,488065132.0
2022-04-11 00:00:00+00:00,19899813772.0,0.001876747066044482,74.1726123591328,1152269023.0
2022-04-12 00:00:00+00:00,20485867567.0,0.0019029510229467536,76.36006219648583,889066929.0
2022-04-13 00:00:00+00:00,21462593174.0,0.0019433648452902227,80.00197939940988,734210623.0
2022-04-14 00:00:00+00:00,20609288800.0,0.0019235473189938397,76.81785665647007,711767575.0
2022-04-15 00:00:00+00:00,20775167498.0,0.0019095172838891415,77.43753903923441,501963226.0
2022-04-16 00:00:00+00:00,20895398308.0,0.0019268091827998625,77.89026561951339,290431497.0
2022-04-17 00:00:00+00:00,20310057428.0,0.0019062200973847738,75.70925635219915,322395973.0
2022-04-18 00:00:00+00:00,20869681224.0,0.0019053920676530018,77.79367926398169,681155455.0
2022-04-19 00:00:00+00:00,21554980078.0,0.001934472233758365,80.28591831097268,591702355.0
2022-04-20 00:00:00+00:00,21014611204.0,0.001891855171671873,78.27433137465414,622981657.0
2022-04-21 00:00:00+00:00,20158577186.0,0.0018525937741855833,75.0807423853159,569385150.0
2022-04-22 00:00:00+00:00,19911385367.0,0.0018651828498637386,74.12296303955101,532238762.0
2022-04-23 00:00:00+00:00,19587649604.0,0.0018466966668574793,72.92001029630849,360787956.0
2022-04-24 00:00:00+00:00,19233384465.0,0.001814145314071098,71.60303395401279,320340266.0
2022-04-25 00:00:00+00:00,19573159797.0,0.0018010496248343345,72.86742218203834,735322462.0
2022-04-26 00:00:00+00:00,18445669690.0,0.0018015905610853724,68.67206066664083,561575109.0
2022-04-27 00:00:00+00:00,18764482000.0,0.0017802173549549445,69.85772774882643,475421022.0
2022-04-28 00:00:00+00:00,18082575070.0,0.001692556568823601,67.3194544707861,551311115.0
2022-04-29 00:00:00+00:00,17034745171.0,0.0016425119818494298,63.4170972121455,536189400.0
2022-04-30 00:00:00+00:00,15323840330.0,0.001512612775547498,57.0480025780031,643198521.0
2022-05-01 00:00:00+00:00,15810356887.0,0.0015299592711908215,58.856146870505185,748385992.0
2022-05-02 00:00:00+00:00,16256352170.0,0.0015706764171149277,60.517106544160555,893459385.0
2022-05-03 00:00:00+00:00,16026063412.0,0.0015803812119408735,59.66010810997916,592389538.0
2022-05-04 00:00:00+00:00,18032335029.0,0.001689895791935661,67.08610945688977,875723682.0
2022-05-05 00:00:00+00:00,15892520069.0,0.0016166017748568782,59.12743968737025,1259826490.0
2022-05-06 00:00:00+00:00,15338643865.0,0.0015824879013005269,57.03432357082786,887280183.0
2022-05-07 00:00:00+00:00,14834652098.0,0.0015536241619982859,55.15669375658725,555118325.0
2022-05-08 00:00:00+00:00,13856723017.0,0.0015126933854228432,51.521223744233005,837890770.0
2022-05-09 00:00:00+00:00,11289501815.0,0.0013853552071074722,41.97204215225594,1228351362.0
2022-05-10 00:00:00+00:00,11985333373.0,0.0014363671622597866,44.56028261201185,1624448832.0
2022-05-11 00:00:00+00:00,8327305145.0,0.0010700333722562126,30.962865554744003,2428550936.0
2022-05-12 00:00:00+00:00,8164029390.0,0.0010450907642163166,30.357536295382893,1839518407.0
2022-05-13 00:00:00+00:00,8642513566.0,0.0010974393344871064,32.1364299586566,1219234571.0
2022-05-14 00:00:00+00:00,9166355845.0,0.0011322623045971491,34.08252931742359,754019978.0
2022-05-15 00:00:00+00:00,9833667775.0,0.0011672960339823475,36.5423337447869,745037121.0
2022-05-16 00:00:00+00:00,8765521021.0,0.0010907171724185397,32.57199774430789,867980588.0
2022-05-17 00:00:00+00:00,9256538524.0,0.001130500917865618,34.396459578266146,676043628.0
2022-05-18 00:00:00+00:00,7967226456.0,0.001030821826045222,29.60548260879994,641522267.0
2022-05-19 00:00:00+00:00,8175388589.0,0.0010021336378109222,30.379014764768122,845803420.0
2022-05-20 00:00:00+00:00,7791999506.0,0.0009915385694852525,28.953660054551328,901703535.0
2022-05-21 00:00:00+00:00,8037696980.0,0.0010147601831860165,29.8666510102743,485604462.0
2022-05-22 00:00:00+00:00,8566713401.0,0.0010489266893021207,31.807361214923148,686538817.0
2022-05-23 00:00:00+00:00,7826426366.0,0.000997999771150523,29.057665873274455,796380309.0
2022-05-24 00:00:00+00:00,7859900401.0,0.0009787582002219895,29.02564810990671,690433536.0
2022-05-25 00:00:00+00:00,7372517335.0,0.000920947312707049,27.225377164779935,588423056.0
2022-05-26 00:00:00+00:00,6377399589.0,0.0008046553569446324,23.550029114607636,1007507776.0
2022-05-27 00:00:00+00:00,6071113835.0,0.0007831128904836165,22.418622890793127,964035111.0
2022-05-28 00:00:00+00:00,6740897369.0,0.000855850466887146,24.83976578909872,708263415.0
2022-05-29 00:00:00+00:00,7088371097.0,0.0008870511196436802,26.120069679279318,700836372.0
2022-05-30 00:00:00+00:00,7498921670.0,0.000870951574670226,27.632149926457217,962074891.0
2022-05-31 00:00:00+00:00,7162228424.0,0.0008300728193483173,26.389932348210163,968753831.0
2022-06-01 00:00:00+00:00,6459605984.0,0.0007986996146661406,23.8005134845936,708368730.0
2022-06-02 00:00:00+00:00,6928560487.0,0.0008099547149506226,24.677285348874953,616496656.0
2022-06-03 00:00:00+00:00,6459260793.0,0.0007744794699233821,23.005441272619702,463049567.0
2022-06-04 00:00:00+00:00,6888897814.0,0.0008223242580328808,24.53232905529847,376343138.0
2022-06-05 00:00:00+00:00,6785877569.0,0.0008079865913237346,24.164181683469934,406213321.0
2022-06-06 00:00:00+00:00,7293313817.0,0.0008280168933247598,25.97036524711833,828453584.0
2022-06-07 00:00:00+00:00,6920815272.0,0.0007907254282955627,24.635429240273435,923434174.0
2022-06-08 00:00:00+00:00,6882995984.0,0.0008108811920727201,24.500253207243084,502590526.0
2022-06-09 00:00:00+00:00,6858174448.0,0.0008106622357782688,24.410659559542406,649339432.0
2022-06-10 00:00:00+00:00,6202748587.0,0.0007590502657083911,22.07606970125114,523963516.0
2022-06-11 00:00:00+00:00,5563079071.0,0.0006981100426716021,19.798967227712975,527494613.0
2022-06-12 00:00:00+00:00,4885529961.0,0.0006496906156203669,17.387441929067617,749203981.0
2022-06-13 00:00:00+00:00,4501324407.0,0.0007123964141946715,16.019934522977177,1277521632.0
2022-06-14 00:00:00+00:00,4647704354.0,0.0007448330126916627,16.5403523760386,919054943.0
2022-06-15 00:00:00+00:00,5117448314.0,0.0008068101854085999,18.211997082946723,1022663545.0
2022-06-16 00:00:00+00:00,4420959433.0,0.0007718842871126397,15.732276316649617,619516632.0
2022-06-17 00:00:00+00:00,4498865279.0,0.0007820365662044084,16.009447404319683,400140809.0
2022-06-18 00:00:00+00:00,4170513387.0,0.0007803857295432936,14.841096703416925,500837078.0
2022-06-19 00:00:00+00:00,4549822131.0,0.0007876963848478242,16.189737910784952,510905367.0
2022-06-20 00:00:00+00:00,4816502133.0,0.000831953934247166,17.13786665348554,561797222.0
2022-06-21 00:00:00+00:00,4737846608.0,0.0008138827509176085,16.855997742309558,496486132.0
2022-06-22 00:00:00+00:00,4520564889.0,0.0008043210211973153,16.075987615697503,417581511.0
2022-06-23 00:00:00+00:00,5146218760.0,0.0008674076154545116,18.290050428199805,482575281.0
2022-06-24 00:00:00+00:00,5785219773.0,0.0009678404460000708,20.548855191154875,671893666.0
2022-06-25 00:00:00+00:00,6018277629.0,0.0009936759975919943,21.366357846385412,476329358.0
2022-06-26 00:00:00+00:00,5549945968.0,0.0009365176565542686,19.69243332627821,413767908.0
2022-06-27 00:00:00+00:00,5447476942.0,0.0009316190017009166,19.31756526517136,433026594.0
2022-06-28 00:00:00+00:00,5112886742.0,0.0008935115773183169,18.12098274877983,490803290.0
2022-06-29 00:00:00+00:00,4967964749.0,0.0008753480424967521,17.598017334980575,445376603.0
2022-06-30 00:00:00+00:00,4780289763.0,0.0008556785887897254,16.9293668465113,453151312.0
2022-07-01 00:00:00+00:00,4542941886.0,0.0008347923822483551,16.085920520147695,490786364.0
2022-07-02 00:00:00+00:00,4614458068.0,0.0008489719533141276,16.33613530612684,224974289.0
2022-07-03 00:00:00+00:00,4707781238.0,0.0008633640877183178,16.660402487851393,242175995.0
2022-07-04 00:00:00+00:00,5070749903.0,0.0008867447933350178,17.939965808190113,430020105.0
2022-07-05 00:00:00+00:00,5110202971.0,0.0008947314310723128,18.06473019177675,552533388.0
2022-07-06 00:00:00+00:00,5415805388.0,0.0009314604509769952,19.139476319655284,618828541.0
2022-07-07 00:00:00+00:00,5726942058.0,0.0009351245062100642,20.233838560523527,607400823.0
2022-07-08 00:00:00+00:00,5649146668.0,0.0009181472199962091,19.952364278459722,593918643.0
2022-07-09 00:00:00+00:00,5641491059.0,0.0009224846181470522,19.918477975431035,299142386.0
2022-07-10 00:00:00+00:00,5426065716.0,0.0009181035595721674,19.152052842045517,323970529.0
2022-07-11 00:00:00+00:00,4923542378.0,0.0008700099373576659,17.374582690676338,338348658.0
2022-07-12 00:00:00+00:00,4774878821.0,0.0008717390347725896,16.84541088468955,393620758.0
2022-07-13 00:00:00+00:00,5333218469.0,0.0009306072771163649,18.80950268293617,636332384.0
2022-07-14 00:00:00+00:00,5595976324.0,0.0009591613944030763,19.729873208975427,678776743.0
2022-07-15 00:00:00+00:00,5500966954.0,0.0009306224850804789,19.388685759354672,538525891.0
2022-07-16 00:00:00+00:00,6020653464.0,0.0010009994002957371,21.21149327536684,592225952.0
2022-07-17 00:00:00+00:00,5848580199.0,0.0009916099564094985,20.605004933379515,502164784.0
2022-07-18 00:00:00+00:00,6837965887.0,0.0010713353651890527,24.089714106507653,989322171.0
2022-07-19 00:00:00+00:00,7021834968.0,0.0010576232041948292,24.737206911393454,1150854169.0
2022-07-20 00:00:00+00:00,6698770276.0,0.0010157537106980903,23.597717949511242,1068333684.0
2022-07-21 00:00:00+00:00,7109387710.0,0.0010811278457343743,25.043925182810465,759273174.0
2022-07-22 00:00:00+00:00,6733037059.0,0.0010440621887653641,23.715850847259265,639197881.0
2022-07-23 00:00:00+00:00,6713326207.0,0.0010525485545881865,23.646006004879254,467200887.0
2022-07-24 00:00:00+00:00,6775821345.0,0.0010555950991108167,23.866123526907177,424883178.0
2022-07-25 00:00:00+00:00,5955306658.0,0.0009819292375351557,20.975678305927527,586670563.0
2022-07-26 00:00:00+00:00,5869208212.0,0.0009730943329671289,20.668284620621545,443604588.0
2022-07-27 00:00:00+00:00,6539503231.0,0.0010151667787448465,23.02862132392176,715168972.0
